<?xml version="1.0" encoding="UTF-8"?>

<!-- generated on Sat Nov  2 20:01:20 2019 by Eclipse SUMO Version 1.0.0
<configuration xmlns:xsi="http://www.w3.org/2001/XMLSchema-instance" xsi:noNamespaceSchemaLocation="http://sumo.dlr.de/xsd/sumoConfiguration.xsd">

    <input>
        <net-file value="wagner.net.xml"/>
        <route-files value="wagner.rou.xml"/>
    </input>

    <output>
        <fcd-output value="sumoTrace.xml"/>
    </output>

    <processing>
        <collision.action value="remove"/>
        <collision.stoptime value="10"/>
        <collision.check-junctions value="true"/>
        <collision.mingap-factor value="0"/>
        <time-to-impatience value="1"/>
    </processing>

</configuration>
-->

<fcd-export xmlns:xsi="http://www.w3.org/2001/XMLSchema-instance" xsi:noNamespaceSchemaLocation="http://sumo.dlr.de/xsd/fcd_file.xsd">
    <timestep time="0.00"/>
    <timestep time="1.00">
        <vehicle id="CarBlack01" x="112.30" y="-1.60" angle="90.00" type="CarBlack" speed="0.00" pos="5.10" lane="ed0206_0" slope="0.00"/>
        <vehicle id="CarGray01" x="86.97" y="89.23" angle="225.00" type="CarGray" speed="0.00" pos="5.10" lane="ed0305_0" slope="0.00"/>
        <vehicle id="CarGreen01" x="87.70" y="1.60" angle="270.00" type="CarGreen" speed="0.00" pos="5.10" lane="ed0201_0" slope="0.00"/>
        <vehicle id="CarOrange01" x="-1.60" y="83.17" angle="180.00" type="CarOrange" speed="0.00" pos="5.10" lane="ed0401_0" slope="0.00"/>
        <vehicle id="CarRed01" x="10.77" y="86.97" angle="135.00" type="CarRed" speed="0.00" pos="5.10" lane="ed0405_0" slope="0.00"/>
        <vehicle id="CarWhite01" x="16.83" y="-1.60" angle="90.00" type="CarWhite" speed="0.00" pos="5.10" lane="ed0102_0" slope="0.00"/>
        <vehicle id="CarYellow01" x="83.17" y="101.60" angle="270.00" type="CarYellow" speed="0.00" pos="5.10" lane="ed0304_0" slope="0.00"/>
    </timestep>
    <timestep time="2.00">
        <vehicle id="CarBlack01" x="122.09" y="-1.60" angle="90.00" type="CarBlack" speed="9.79" pos="14.89" lane="ed0206_0" slope="0.00"/>
        <vehicle id="CarBlue01" x="16.83" y="-1.60" angle="90.00" type="CarBlue" speed="0.00" pos="5.10" lane="ed0102_0" slope="0.00"/>
        <vehicle id="CarGray01" x="78.37" y="80.63" angle="225.00" type="CarGray" speed="12.17" pos="17.27" lane="ed0305_0" slope="0.00"/>
        <vehicle id="CarGreen01" x="74.13" y="1.60" angle="270.00" type="CarGreen" speed="13.57" pos="18.67" lane="ed0201_0" slope="0.00"/>
        <vehicle id="CarOrange01" x="-1.60" y="74.46" angle="180.00" type="CarOrange" speed="8.72" pos="13.82" lane="ed0401_0" slope="0.00"/>
        <vehicle id="CarRed01" x="17.81" y="79.93" angle="135.00" type="CarRed" speed="9.96" pos="15.06" lane="ed0405_0" slope="0.00"/>
        <vehicle id="CarWhite01" x="24.53" y="-1.60" angle="90.00" type="CarWhite" speed="7.70" pos="12.80" lane="ed0102_0" slope="0.00"/>
        <vehicle id="CarYellow01" x="69.59" y="101.60" angle="270.00" type="CarYellow" speed="13.59" pos="18.69" lane="ed0304_0" slope="0.00"/>
    </timestep>
    <timestep time="3.00">
        <vehicle id="CarBlack01" x="132.42" y="-1.60" angle="90.00" type="CarBlack" speed="10.33" pos="25.22" lane="ed0206_0" slope="0.00"/>
        <vehicle id="CarBlue01" x="18.48" y="-1.60" angle="90.00" type="CarBlue" speed="1.65" pos="6.75" lane="ed0102_0" slope="0.00"/>
        <vehicle id="CarGray01" x="72.59" y="74.85" angle="225.00" type="CarGray" speed="8.17" pos="25.44" lane="ed0305_0" slope="0.00"/>
        <vehicle id="CarGreen01" x="64.98" y="1.60" angle="270.00" type="CarGreen" speed="9.14" pos="27.82" lane="ed0201_0" slope="0.00"/>
        <vehicle id="CarOrange01" x="-1.60" y="63.32" angle="180.00" type="CarOrange" speed="11.14" pos="24.95" lane="ed0401_0" slope="0.00"/>
        <vehicle id="CarRed01" x="23.87" y="73.87" angle="135.00" type="CarRed" speed="8.58" pos="23.64" lane="ed0405_0" slope="0.00"/>
        <vehicle id="CarWhite01" x="36.58" y="-1.60" angle="90.00" type="CarWhite" speed="12.05" pos="24.85" lane="ed0102_0" slope="0.00"/>
        <vehicle id="CarYellow01" x="60.10" y="101.60" angle="270.00" type="CarYellow" speed="9.49" pos="28.18" lane="ed0304_0" slope="0.00"/>
    </timestep>
    <timestep time="4.00">
        <vehicle id="CarBlack01" x="145.44" y="-1.60" angle="90.00" type="CarBlack" speed="13.02" pos="38.24" lane="ed0206_0" slope="0.00"/>
        <vehicle id="CarBlue01" x="24.79" y="-1.60" angle="90.00" type="CarBlue" speed="6.31" pos="13.06" lane="ed0102_0" slope="0.00"/>
        <vehicle id="CarGray01" x="63.87" y="66.13" angle="225.00" type="CarGray" speed="12.34" pos="37.78" lane="ed0305_0" slope="0.00"/>
        <vehicle id="CarGreen01" x="53.39" y="1.60" angle="270.00" type="CarGreen" speed="11.59" pos="39.41" lane="ed0201_0" slope="0.00"/>
        <vehicle id="CarOrange01" x="-1.60" y="53.40" angle="180.00" type="CarOrange" speed="9.92" pos="34.87" lane="ed0401_0" slope="0.00"/>
        <vehicle id="CarRed01" x="30.18" y="67.56" angle="135.00" type="CarRed" speed="8.92" pos="32.56" lane="ed0405_0" slope="0.00"/>
        <vehicle id="CarWhite01" x="49.37" y="-1.60" angle="90.00" type="CarWhite" speed="12.79" pos="37.64" lane="ed0102_0" slope="0.00"/>
        <vehicle id="CarYellow01" x="52.91" y="101.60" angle="270.00" type="CarYellow" speed="7.19" pos="35.37" lane="ed0304_0" slope="0.00"/>
    </timestep>
    <timestep time="5.00">
        <vehicle id="CarBlack01" x="149.62" y="-0.87" angle="81.46" type="CarBlack" speed="4.32" pos="2.96" lane=":nod06_2_0" slope="0.00"/>
        <vehicle id="CarBlue01" x="33.88" y="-1.60" angle="90.00" type="CarBlue" speed="9.09" pos="22.15" lane="ed0102_0" slope="0.00"/>
        <vehicle id="CarGray01" x="59.31" y="61.57" angle="225.00" type="CarGray" speed="6.44" pos="44.22" lane="ed0305_0" slope="0.00"/>
        <vehicle id="CarGreen01" x="41.64" y="1.60" angle="270.00" type="CarGreen" speed="11.75" pos="51.16" lane="ed0201_0" slope="0.00"/>
        <vehicle id="CarOrange01" x="-1.60" y="39.71" angle="180.00" type="CarOrange" speed="13.70" pos="48.57" lane="ed0401_0" slope="0.00"/>
        <vehicle id="CarRed01" x="39.12" y="58.62" angle="135.00" type="CarRed" speed="12.65" pos="45.21" lane="ed0405_0" slope="0.00"/>
        <vehicle id="CarWhite01" x="59.12" y="-1.60" angle="90.00" type="CarWhite" speed="9.75" pos="47.39" lane="ed0102_0" slope="0.00"/>
        <vehicle id="CarYellow01" x="45.65" y="101.60" angle="270.00" type="CarYellow" speed="7.26" pos="42.63" lane="ed0304_0" slope="0.00"/>
    </timestep>
    <timestep time="6.00">
        <vehicle id="CarBlack01" x="151.56" y="2.94" angle="30.16" type="CarBlack" speed="4.52" pos="7.48" lane=":nod06_2_0" slope="0.00"/>
        <vehicle id="CarBlue01" x="45.59" y="-1.60" angle="90.00" type="CarBlue" speed="11.71" pos="33.86" lane="ed0102_0" slope="0.00"/>
        <vehicle id="CarGray01" x="54.61" y="56.23" angle="219.79" type="CarGray" speed="7.12" pos="4.08" lane=":nod05_2_0" slope="0.00"/>
        <vehicle id="CarGreen01" x="31.69" y="1.60" angle="270.00" type="CarGreen" speed="9.95" pos="61.11" lane="ed0201_0" slope="0.00"/>
        <vehicle id="CarOrange01" x="-1.60" y="28.26" angle="180.00" type="CarOrange" speed="11.45" pos="60.01" lane="ed0401_0" slope="0.00"/>
        <vehicle id="CarRed01" x="42.30" y="55.44" angle="135.00" type="CarRed" speed="4.49" pos="49.69" lane="ed0405_0" slope="0.00"/>
        <vehicle id="CarWhite01" x="66.12" y="-1.60" angle="90.00" type="CarWhite" speed="7.00" pos="54.39" lane="ed0102_0" slope="0.00"/>
        <vehicle id="CarYellow01" x="33.01" y="101.60" angle="270.00" type="CarYellow" speed="12.64" pos="55.26" lane="ed0304_0" slope="0.00"/>
    </timestep>
    <timestep time="7.00">
        <vehicle id="CarBlack01" x="151.60" y="6.36" angle="2.99" type="CarBlack" speed="3.42" pos="3.16" lane="ed0607_0" slope="0.00"/>
        <vehicle id="CarBlue01" x="55.42" y="-1.60" angle="90.00" type="CarBlue" speed="9.83" pos="43.69" lane="ed0102_0" slope="0.00"/>
        <vehicle id="CarGray01" x="53.39" y="50.71" angle="185.06" type="CarGray" speed="6.32" pos="2.69" lane=":nod05_16_0" slope="0.00"/>
        <vehicle id="CarGreen01" x="24.58" y="1.60" angle="270.00" type="CarGreen" speed="7.11" pos="68.22" lane="ed0201_0" slope="0.00"/>
        <vehicle id="CarOrange01" x="-1.60" y="20.46" angle="180.00" type="CarOrange" speed="7.81" pos="67.82" lane="ed0401_0" slope="0.00"/>
        <vehicle id="CarRed01" x="43.21" y="54.53" angle="135.00" type="CarRed" speed="1.29" pos="50.98" lane="ed0405_0" slope="0.00"/>
        <vehicle id="CarWhite01" x="74.27" y="-1.60" angle="90.00" type="CarWhite" speed="8.16" pos="62.54" lane="ed0102_0" slope="0.00"/>
        <vehicle id="CarYellow01" x="21.23" y="101.60" angle="270.00" type="CarYellow" speed="11.79" pos="67.05" lane="ed0304_0" slope="0.00"/>
    </timestep>
    <timestep time="8.00">
        <vehicle id="CarBlack01" x="151.60" y="16.92" angle="0.00" type="CarBlack" speed="10.56" pos="13.72" lane="ed0607_0" slope="0.00"/>
        <vehicle id="CarBlue01" x="66.07" y="-1.60" angle="90.00" type="CarBlue" speed="10.65" pos="54.34" lane="ed0102_0" slope="0.00"/>
        <vehicle id="CarGray01" x="58.81" y="48.73" angle="106.90" type="CarGray" speed="5.97" pos="8.66" lane=":nod05_16_0" slope="0.00"/>
        <vehicle id="CarGreen01" x="14.73" y="1.60" angle="270.00" type="CarGreen" speed="9.86" pos="78.07" lane="ed0201_0" slope="0.00"/>
        <vehicle id="CarOrange01" x="-1.60" y="14.84" angle="180.00" type="CarOrange" speed="5.62" pos="73.44" lane="ed0401_0" slope="0.00"/>
        <vehicle id="CarRed01" x="43.49" y="54.25" angle="135.00" type="CarRed" speed="0.40" pos="51.38" lane="ed0405_0" slope="0.00"/>
        <vehicle id="CarWhite01" x="85.31" y="-1.60" angle="90.00" type="CarWhite" speed="11.04" pos="73.58" lane="ed0102_0" slope="0.00"/>
        <vehicle id="CarYellow01" x="15.30" y="101.60" angle="270.00" type="CarYellow" speed="5.93" pos="72.98" lane="ed0304_0" slope="0.00"/>
    </timestep>
    <timestep time="9.00">
        <vehicle id="CarBlack01" x="151.60" y="30.09" angle="0.00" type="CarBlack" speed="13.18" pos="26.89" lane="ed0607_0" slope="0.00"/>
        <vehicle id="CarBlue01" x="72.83" y="-1.60" angle="90.00" type="CarBlue" speed="6.76" pos="61.10" lane="ed0102_0" slope="0.00"/>
        <vehicle id="CarGray01" x="63.83" y="48.40" angle="93.72" type="CarGray" speed="5.04" pos="2.10" lane="ed0508_0" slope="0.00"/>
        <vehicle id="CarGreen01" x="10.06" y="1.84" angle="272.72" type="CarGreen" speed="4.68" pos="1.68" lane=":nod01_7_0" slope="0.00"/>
        <vehicle id="CarOrange01" x="-1.36" y="9.62" angle="177.27" type="CarOrange" speed="5.23" pos="2.13" lane=":nod01_1_0" slope="0.00"/>
        <vehicle id="CarRed01" x="49.84" y="50.31" angle="118.49" type="CarRed" speed="7.54" pos="7.13" lane=":nod05_13_0" slope="0.00"/>
        <vehicle id="CarWhite01" x="94.51" y="-1.60" angle="90.00" type="CarWhite" speed="9.20" pos="1.71" lane=":nod02_6_0" slope="0.00"/>
        <vehicle id="CarYellow01" x="8.82" y="101.19" angle="265.24" type="CarYellow" speed="6.50" pos="2.93" lane=":nod04_0_0" slope="0.00"/>
    </timestep>
    <timestep time="10.00">
        <vehicle id="CarBlack01" x="151.60" y="40.17" angle="0.00" type="CarBlack" speed="10.08" pos="36.97" lane="ed0607_0" slope="0.00"/>
        <vehicle id="CarBlue01" x="81.02" y="-1.60" angle="90.00" type="CarBlue" speed="8.19" pos="69.29" lane="ed0102_0" slope="0.00"/>
        <vehicle id="CarGray01" x="74.46" y="48.40" angle="90.00" type="CarGray" speed="10.62" pos="12.73" lane="ed0508_0" slope="0.00"/>
        <vehicle id="CarGreen01" x="5.62" y="3.24" angle="287.02" type="CarGreen" speed="4.75" pos="6.43" lane=":nod01_7_0" slope="0.00"/>
        <vehicle id="CarOrange01" x="-0.90" y="5.58" angle="173.49" type="CarOrange" speed="4.07" pos="6.20" lane=":nod01_1_0" slope="0.00"/>
        <vehicle id="CarRed01" x="56.42" y="48.72" angle="101.16" type="CarRed" speed="6.80" pos="13.92" lane=":nod05_13_0" slope="0.00"/>
        <vehicle id="CarWhite01" x="108.30" y="-1.60" angle="90.00" type="CarWhite" speed="13.79" pos="1.10" lane="ed0206_0" slope="0.00"/>
        <vehicle id="CarYellow01" x="2.10" y="98.49" angle="241.62" type="CarYellow" speed="7.38" pos="10.32" lane=":nod04_0_0" slope="0.00"/>
    </timestep>
    <timestep time="11.00">
        <vehicle id="CarBlack01" x="151.60" y="44.62" angle="0.00" type="CarBlack" speed="4.45" pos="41.42" lane="ed0607_0" slope="0.00"/>
        <vehicle id="CarBlue01" x="92.56" y="-1.60" angle="90.00" type="CarBlue" speed="11.54" pos="80.83" lane="ed0102_0" slope="0.00"/>
        <vehicle id="CarGray01" x="82.66" y="48.40" angle="90.00" type="CarGray" speed="8.20" pos="20.93" lane="ed0508_0" slope="0.00"/>
        <vehicle id="CarGreen01" x="1.80" y="10.34" angle="343.10" type="CarGreen" speed="8.49" pos="14.92" lane=":nod01_7_0" slope="0.00"/>
        <vehicle id="CarOrange01" x="0.77" y="3.32" angle="156.60" type="CarOrange" speed="2.80" pos="9.00" lane=":nod01_1_0" slope="0.00"/>
        <vehicle id="CarRed01" x="67.77" y="48.40" angle="90.00" type="CarRed" speed="11.36" pos="6.04" lane="ed0508_0" slope="0.00"/>
        <vehicle id="CarWhite01" x="119.46" y="-1.60" angle="90.00" type="CarWhite" speed="11.16" pos="12.26" lane="ed0206_0" slope="0.00"/>
        <vehicle id="CarYellow01" x="-1.06" y="92.05" angle="201.49" type="CarYellow" speed="7.36" pos="17.68" lane=":nod04_0_0" slope="0.00"/>
    </timestep>
    <timestep time="12.00">
        <vehicle id="CarBlack01" x="151.45" y="47.84" angle="358.30" type="CarBlack" speed="3.23" pos="1.05" lane=":nod07_0_0" slope="0.00"/>
        <vehicle id="CarBlue01" x="99.53" y="-1.60" angle="90.00" type="CarBlue" speed="6.97" pos="6.73" lane=":nod02_6_0" slope="0.00"/>
        <vehicle id="CarGray01" x="92.02" y="48.40" angle="90.00" type="CarGray" speed="9.37" pos="30.29" lane="ed0508_0" slope="0.00"/>
        <vehicle id="CarGreen01" x="1.60" y="16.89" angle="0.00" type="CarGreen" speed="6.56" pos="5.16" lane="ed0104_0" slope="0.00"/>
        <vehicle id="CarOrange01" x="6.19" y="4.58" angle="69.23" type="CarOrange" speed="6.19" pos="3.75" lane=":nod01_9_0" slope="0.00"/>
        <vehicle id="CarRed01" x="75.22" y="48.40" angle="90.00" type="CarRed" speed="7.45" pos="13.49" lane="ed0508_0" slope="0.00"/>
        <vehicle id="CarWhite01" x="128.32" y="-1.60" angle="90.00" type="CarWhite" speed="8.87" pos="21.12" lane="ed0206_0" slope="0.00"/>
        <vehicle id="CarYellow01" x="-1.60" y="86.46" angle="185.17" type="CarYellow" speed="5.63" pos="1.81" lane="ed0401_0" slope="0.00"/>
    </timestep>
    <timestep time="13.00">
        <vehicle id="CarBlack01" x="147.75" y="51.46" angle="308.87" type="CarBlack" speed="5.73" pos="6.78" lane=":nod07_0_0" slope="0.00"/>
        <vehicle id="CarBlue01" x="112.52" y="-1.60" angle="90.00" type="CarBlue" speed="12.99" pos="5.32" lane="ed0206_0" slope="0.00"/>
        <vehicle id="CarGray01" x="97.01" y="46.98" angle="106.91" type="CarGray" speed="5.32" pos="4.54" lane=":nod08_12_0" slope="0.00"/>
        <vehicle id="CarGreen01" x="1.60" y="30.10" angle="0.00" type="CarGreen" speed="13.21" pos="18.37" lane="ed0104_0" slope="0.00"/>
        <vehicle id="CarOrange01" x="11.23" y="8.97" angle="48.11" type="CarOrange" speed="6.70" pos="2.57" lane="ed0105_0" slope="0.00"/>
        <vehicle id="CarRed01" x="85.17" y="48.40" angle="90.00" type="CarRed" speed="9.95" pos="23.44" lane="ed0508_0" slope="0.00"/>
        <vehicle id="CarWhite01" x="138.19" y="-1.60" angle="90.00" type="CarWhite" speed="9.86" pos="30.99" lane="ed0206_0" slope="0.00"/>
        <vehicle id="CarYellow01" x="-1.60" y="74.15" angle="180.00" type="CarYellow" speed="12.31" pos="14.12" lane="ed0401_0" slope="0.00"/>
    </timestep>
    <timestep time="14.00">
        <vehicle id="CarBlack01" x="143.09" y="51.60" angle="272.10" type="CarBlack" speed="4.66" pos="3.71" lane="ed0708_0" slope="0.00"/>
        <vehicle id="CarBlue01" x="124.67" y="-1.60" angle="90.00" type="CarBlue" speed="12.15" pos="17.47" lane="ed0206_0" slope="0.00"/>
        <vehicle id="CarGray01" x="98.40" y="41.50" angle="168.46" type="CarGray" speed="5.79" pos="1.30" lane="ed0802_0" slope="0.00"/>
        <vehicle id="CarGreen01" x="1.60" y="42.66" angle="0.00" type="CarGreen" speed="12.57" pos="30.93" lane="ed0104_0" slope="0.00"/>
        <vehicle id="CarOrange01" x="16.55" y="14.29" angle="45.00" type="CarOrange" speed="7.51" pos="10.08" lane="ed0105_0" slope="0.00"/>
        <vehicle id="CarRed01" x="88.50" y="48.40" angle="90.00" type="CarRed" speed="3.33" pos="26.77" lane="ed0508_0" slope="0.00"/>
        <vehicle id="CarWhite01" x="145.42" y="-1.60" angle="90.00" type="CarWhite" speed="7.23" pos="38.22" lane="ed0206_0" slope="0.00"/>
        <vehicle id="CarYellow01" x="-1.60" y="66.79" angle="180.00" type="CarYellow" speed="7.36" pos="21.48" lane="ed0401_0" slope="0.00"/>
    </timestep>
    <timestep time="15.00">
        <vehicle id="CarBlack01" x="133.83" y="51.60" angle="270.00" type="CarBlack" speed="9.26" pos="12.97" lane="ed0708_0" slope="0.00"/>
        <vehicle id="CarBlue01" x="135.75" y="-1.60" angle="90.00" type="CarBlue" speed="11.09" pos="28.55" lane="ed0206_0" slope="0.00"/>
        <vehicle id="CarGray01" x="98.40" y="28.44" angle="180.00" type="CarGray" speed="13.06" pos="14.36" lane="ed0802_0" slope="0.00"/>
        <vehicle id="CarGreen01" x="1.60" y="55.96" angle="0.00" type="CarGreen" speed="13.30" pos="44.24" lane="ed0104_0" slope="0.00"/>
        <vehicle id="CarOrange01" x="22.69" y="20.43" angle="45.00" type="CarOrange" speed="8.68" pos="18.76" lane="ed0105_0" slope="0.00"/>
        <vehicle id="CarRed01" x="90.86" y="48.40" angle="90.00" type="CarRed" speed="2.36" pos="29.13" lane="ed0508_0" slope="0.00"/>
        <vehicle id="CarWhite01" x="149.04" y="-1.21" angle="85.55" type="CarWhite" speed="3.67" pos="2.29" lane=":nod06_2_0" slope="0.00"/>
        <vehicle id="CarYellow01" x="-1.60" y="53.15" angle="180.00" type="CarYellow" speed="13.65" pos="35.13" lane="ed0401_0" slope="0.00"/>
    </timestep>
    <timestep time="16.00">
        <vehicle id="CarBlack01" x="124.14" y="51.60" angle="270.00" type="CarBlack" speed="9.69" pos="22.66" lane="ed0708_0" slope="0.00"/>
        <vehicle id="CarBlue01" x="143.06" y="-1.60" angle="90.00" type="CarBlue" speed="7.30" pos="35.86" lane="ed0206_0" slope="0.00"/>
        <vehicle id="CarGray01" x="98.40" y="15.87" angle="180.00" type="CarGray" speed="12.57" pos="26.93" lane="ed0802_0" slope="0.00"/>
        <vehicle id="CarGreen01" x="1.60" y="65.76" angle="0.00" type="CarGreen" speed="9.80" pos="54.04" lane="ed0104_0" slope="0.00"/>
        <vehicle id="CarOrange01" x="28.62" y="26.36" angle="45.00" type="CarOrange" speed="8.38" pos="27.15" lane="ed0105_0" slope="0.00"/>
        <vehicle id="CarRed01" x="91.59" y="48.40" angle="90.00" type="CarRed" speed="0.72" pos="29.86" lane="ed0508_0" slope="0.00"/>
        <vehicle id="CarWhite01" x="151.18" y="0.90" angle="58.59" type="CarWhite" speed="3.09" pos="5.38" lane=":nod06_2_0" slope="0.00"/>
        <vehicle id="CarYellow01" x="-1.60" y="42.25" angle="180.00" type="CarYellow" speed="10.90" pos="46.03" lane="ed0401_0" slope="0.00"/>
    </timestep>
    <timestep time="17.00">
        <vehicle id="CarBlack01" x="116.79" y="51.60" angle="270.00" type="CarBlack" speed="7.35" pos="30.01" lane="ed0708_0" slope="0.00"/>
        <vehicle id="CarBlue01" x="146.01" y="-1.60" angle="90.00" type="CarBlue" speed="2.95" pos="38.81" lane="ed0206_0" slope="0.00"/>
        <vehicle id="CarGray01" x="98.40" y="11.18" angle="180.00" type="CarGray" speed="4.69" pos="31.62" lane="ed0802_0" slope="0.00"/>
        <vehicle id="CarGreen01" x="1.60" y="75.98" angle="0.00" type="CarGreen" speed="10.22" pos="64.26" lane="ed0104_0" slope="0.00"/>
        <vehicle id="CarOrange01" x="37.31" y="35.05" angle="45.00" type="CarOrange" speed="12.29" pos="39.44" lane="ed0105_0" slope="0.00"/>
        <vehicle id="CarRed01" x="91.76" y="48.40" angle="90.00" type="CarRed" speed="0.17" pos="30.03" lane="ed0508_0" slope="0.00"/>
        <vehicle id="CarWhite01" x="151.60" y="6.25" angle="3.17" type="CarWhite" speed="5.41" pos="3.05" lane="ed0607_0" slope="0.00"/>
        <vehicle id="CarYellow01" x="-1.60" y="32.38" angle="180.00" type="CarYellow" speed="9.87" pos="55.90" lane="ed0401_0" slope="0.00"/>
    </timestep>
    <timestep time="18.00">
        <vehicle id="CarBlack01" x="108.19" y="51.60" angle="270.00" type="CarBlack" speed="8.60" pos="38.61" lane="ed0708_0" slope="0.00"/>
        <vehicle id="CarBlue01" x="150.54" y="-0.17" angle="72.69" type="CarBlue" speed="4.93" pos="4.14" lane=":nod06_2_0" slope="0.00"/>
        <vehicle id="CarGray01" x="98.04" y="4.74" angle="184.11" type="CarGray" speed="6.47" pos="2.49" lane=":nod02_0_0" slope="0.00"/>
        <vehicle id="CarGreen01" x="1.60" y="87.12" angle="0.00" type="CarGreen" speed="11.13" pos="75.39" lane="ed0104_0" slope="0.00"/>
        <vehicle id="CarOrange01" x="44.09" y="41.83" angle="45.00" type="CarOrange" speed="9.59" pos="49.03" lane="ed0105_0" slope="0.00"/>
        <vehicle id="CarRed01" x="91.78" y="48.40" angle="90.00" type="CarRed" speed="0.02" pos="30.05" lane="ed0508_0" slope="0.00"/>
        <vehicle id="CarWhite01" x="151.60" y="18.67" angle="0.00" type="CarWhite" speed="12.42" pos="15.47" lane="ed0607_0" slope="0.00"/>
        <vehicle id="CarYellow01" x="-1.60" y="20.33" angle="180.00" type="CarYellow" speed="12.05" pos="67.95" lane="ed0401_0" slope="0.00"/>
    </timestep>
    <timestep time="19.00">
        <vehicle id="CarBlack01" x="96.27" y="51.60" angle="270.00" type="CarBlack" speed="11.91" pos="10.93" lane=":nod08_5_0" slope="0.00"/>
        <vehicle id="CarBlue01" x="151.60" y="3.27" angle="26.64" type="CarBlue" speed="3.66" pos="0.07" lane="ed0607_0" slope="0.00"/>
        <vehicle id="CarGray01" x="95.10" y="1.93" angle="220.48" type="CarGray" speed="4.22" pos="6.71" lane=":nod02_0_0" slope="0.00"/>
        <vehicle id="CarGreen01" x="3.62" y="95.02" angle="20.46" type="CarGreen" speed="8.33" pos="7.18" lane=":nod04_7_0" slope="0.00"/>
        <vehicle id="CarOrange01" x="46.98" y="45.03" angle="42.45" type="CarOrange" speed="4.33" pos="1.57" lane=":nod05_10_0" slope="0.00"/>
        <vehicle id="CarRed01" x="91.79" y="48.40" angle="90.00" type="CarRed" speed="0.01" pos="30.06" lane="ed0508_0" slope="0.00"/>
        <vehicle id="CarWhite01" x="151.60" y="32.28" angle="0.00" type="CarWhite" speed="13.62" pos="29.08" lane="ed0607_0" slope="0.00"/>
        <vehicle id="CarYellow01" x="-1.60" y="11.87" angle="180.00" type="CarYellow" speed="8.46" pos="76.41" lane="ed0401_0" slope="0.00"/>
    </timestep>
    <timestep time="20.00">
        <vehicle id="CarBlack01" x="86.94" y="51.60" angle="270.00" type="CarBlack" speed="9.34" pos="5.86" lane="ed0805_0" slope="0.00"/>
        <vehicle id="CarBlue01" x="151.60" y="15.12" angle="0.00" type="CarBlue" speed="11.85" pos="11.92" lane="ed0607_0" slope="0.00"/>
        <vehicle id="CarGray01" x="90.74" y="1.60" angle="263.15" type="CarGray" speed="4.38" pos="2.06" lane="ed0201_0" slope="0.00"/>
        <vehicle id="CarGreen01" x="10.10" y="98.17" angle="71.99" type="CarGreen" speed="7.51" pos="14.68" lane=":nod04_7_0" slope="0.00"/>
        <vehicle id="CarOrange01" x="48.89" y="48.97" angle="27.14" type="CarOrange" speed="4.46" pos="0.10" lane=":nod05_18_0" slope="0.00"/>
        <vehicle id="CarRed01" x="96.51" y="47.29" angle="103.07" type="CarRed" speed="4.95" pos="3.94" lane=":nod08_12_0" slope="0.00"/>
        <vehicle id="CarWhite01" x="151.60" y="40.01" angle="0.00" type="CarWhite" speed="7.72" pos="36.81" lane="ed0607_0" slope="0.00"/>
        <vehicle id="CarYellow01" x="-0.93" y="5.75" angle="173.59" type="CarYellow" speed="6.15" pos="6.02" lane=":nod01_1_0" slope="0.00"/>
    </timestep>
    <timestep time="21.00">
        <vehicle id="CarBlack01" x="76.30" y="51.60" angle="270.00" type="CarBlack" speed="10.64" pos="16.50" lane="ed0805_0" slope="0.00"/>
        <vehicle id="CarBlue01" x="151.60" y="22.64" angle="0.00" type="CarBlue" speed="7.52" pos="19.44" lane="ed0607_0" slope="0.00"/>
        <vehicle id="CarGray01" x="82.39" y="1.60" angle="270.00" type="CarGray" speed="8.35" pos="10.41" lane="ed0201_0" slope="0.00"/>
        <vehicle id="CarGreen01" x="15.47" y="98.40" angle="87.96" type="CarGreen" speed="5.38" pos="3.74" lane="ed0403_0" slope="0.00"/>
        <vehicle id="CarOrange01" x="46.20" y="56.01" angle="329.38" type="CarOrange" speed="7.89" pos="7.99" lane=":nod05_18_0" slope="0.00"/>
        <vehicle id="CarRed01" x="98.40" y="41.41" angle="169.00" type="CarRed" speed="6.47" pos="1.39" lane="ed0802_0" slope="0.00"/>
        <vehicle id="CarWhite01" x="151.60" y="46.64" angle="0.00" type="CarWhite" speed="6.63" pos="43.44" lane="ed0607_0" slope="0.00"/>
        <vehicle id="CarYellow01" x="0.70" y="3.41" angle="157.26" type="CarYellow" speed="2.87" pos="8.89" lane=":nod01_1_0" slope="0.00"/>
    </timestep>
    <timestep time="22.00">
        <vehicle id="CarBlack01" x="64.52" y="51.60" angle="270.00" type="CarBlack" speed="11.79" pos="28.28" lane="ed0805_0" slope="0.00"/>
        <vehicle id="CarBlue01" x="151.60" y="35.25" angle="0.00" type="CarBlue" speed="12.61" pos="32.05" lane="ed0607_0" slope="0.00"/>
        <vehicle id="CarGray01" x="74.73" y="1.60" angle="270.00" type="CarGray" speed="7.67" pos="18.07" lane="ed0201_0" slope="0.00"/>
        <vehicle id="CarGreen01" x="23.10" y="98.40" angle="90.00" type="CarGreen" speed="7.63" pos="11.37" lane="ed0403_0" slope="0.00"/>
        <vehicle id="CarOrange01" x="42.00" y="60.26" angle="315.00" type="CarOrange" speed="5.97" pos="5.71" lane="ed0504_0" slope="0.00"/>
        <vehicle id="CarRed01" x="98.40" y="34.15" angle="180.00" type="CarRed" speed="7.26" pos="8.65" lane="ed0802_0" slope="0.00"/>
        <vehicle id="CarWhite01" x="149.68" y="50.83" angle="336.05" type="CarWhite" speed="4.87" pos="4.71" lane=":nod07_0_0" slope="0.00"/>
        <vehicle id="CarYellow01" x="5.19" y="3.78" angle="85.15" type="CarYellow" speed="5.01" pos="2.47" lane=":nod01_9_0" slope="0.00"/>
    </timestep>
    <timestep time="23.00">
        <vehicle id="CarBlack01" x="59.11" y="51.90" angle="273.40" type="CarBlack" speed="5.43" pos="2.64" lane=":nod05_4_0" slope="0.00"/>
        <vehicle id="CarBlue01" x="151.60" y="41.95" angle="0.00" type="CarBlue" speed="6.70" pos="38.75" lane="ed0607_0" slope="0.00"/>
        <vehicle id="CarGray01" x="67.61" y="1.60" angle="270.00" type="CarGray" speed="7.12" pos="25.19" lane="ed0201_0" slope="0.00"/>
        <vehicle id="CarGreen01" x="34.02" y="98.40" angle="90.00" type="CarGreen" speed="10.92" pos="22.29" lane="ed0403_0" slope="0.00"/>
        <vehicle id="CarOrange01" x="36.37" y="65.89" angle="315.00" type="CarOrange" speed="7.97" pos="13.68" lane="ed0504_0" slope="0.00"/>
        <vehicle id="CarRed01" x="98.40" y="26.91" angle="180.00" type="CarRed" speed="7.24" pos="15.89" lane="ed0802_0" slope="0.00"/>
        <vehicle id="CarWhite01" x="146.46" y="51.60" angle="293.34" type="CarWhite" speed="3.37" pos="0.34" lane="ed0708_0" slope="0.00"/>
        <vehicle id="CarYellow01" x="10.63" y="8.37" angle="49.19" type="CarYellow" speed="7.13" pos="1.72" lane="ed0105_0" slope="0.00"/>
    </timestep>
    <timestep time="24.00">
        <vehicle id="CarBlack01" x="58.33" y="55.79" angle="353.67" type="CarBlack" speed="5.35" pos="7.99" lane=":nod05_4_0" slope="0.00"/>
        <vehicle id="CarBlue01" x="151.58" y="46.97" angle="359.72" type="CarBlue" speed="5.02" pos="0.17" lane=":nod07_0_0" slope="0.00"/>
        <vehicle id="CarGray01" x="60.58" y="1.60" angle="270.00" type="CarGray" speed="7.02" pos="32.22" lane="ed0201_0" slope="0.00"/>
        <vehicle id="CarGreen01" x="41.96" y="98.40" angle="90.00" type="CarGreen" speed="7.95" pos="30.24" lane="ed0403_0" slope="0.00"/>
        <vehicle id="CarOrange01" x="26.83" y="75.43" angle="315.00" type="CarOrange" speed="13.50" pos="27.17" lane="ed0504_0" slope="0.00"/>
        <vehicle id="CarRed01" x="98.40" y="14.02" angle="180.00" type="CarRed" speed="12.89" pos="28.78" lane="ed0802_0" slope="0.00"/>
        <vehicle id="CarWhite01" x="136.32" y="51.60" angle="270.00" type="CarWhite" speed="10.14" pos="10.48" lane="ed0708_0" slope="0.00"/>
        <vehicle id="CarYellow01" x="16.99" y="14.73" angle="45.00" type="CarYellow" speed="9.00" pos="10.71" lane="ed0105_0" slope="0.00"/>
    </timestep>
    <timestep time="25.00">
        <vehicle id="CarBlack01" x="61.32" y="59.06" angle="42.03" type="CarBlack" speed="4.43" pos="2.68" lane="ed0503_0" slope="0.00"/>
        <vehicle id="CarBlue01" x="149.69" y="50.82" angle="336.23" type="CarBlue" speed="4.52" pos="4.69" lane=":nod07_0_0" slope="0.00"/>
        <vehicle id="CarGray01" x="48.22" y="1.60" angle="270.00" type="CarGray" speed="12.36" pos="44.58" lane="ed0201_0" slope="0.00"/>
        <vehicle id="CarGreen01" x="50.56" y="98.40" angle="90.00" type="CarGreen" speed="8.60" pos="38.84" lane="ed0403_0" slope="0.00"/>
        <vehicle id="CarOrange01" x="19.93" y="82.33" angle="315.00" type="CarOrange" speed="9.75" pos="36.92" lane="ed0504_0" slope="0.00"/>
        <vehicle id="CarRed01" x="98.40" y="10.32" angle="180.00" type="CarRed" speed="3.70" pos="32.48" lane="ed0802_0" slope="0.00"/>
        <vehicle id="CarWhite01" x="128.10" y="51.60" angle="270.00" type="CarWhite" speed="8.22" pos="18.70" lane="ed0708_0" slope="0.00"/>
        <vehicle id="CarYellow01" x="25.47" y="23.21" angle="45.00" type="CarYellow" speed="11.99" pos="22.70" lane="ed0105_0" slope="0.00"/>
    </timestep>
    <timestep time="26.00">
        <vehicle id="CarBlack01" x="66.94" y="64.68" angle="45.00" type="CarBlack" speed="7.96" pos="10.64" lane="ed0503_0" slope="0.00"/>
        <vehicle id="CarBlue01" x="144.13" y="51.60" angle="274.70" type="CarBlue" speed="5.72" pos="2.67" lane="ed0708_0" slope="0.00"/>
        <vehicle id="CarGray01" x="34.90" y="1.60" angle="270.00" type="CarGray" speed="13.32" pos="57.90" lane="ed0201_0" slope="0.00"/>
        <vehicle id="CarGreen01" x="63.05" y="98.40" angle="90.00" type="CarGreen" speed="12.48" pos="51.32" lane="ed0403_0" slope="0.00"/>
        <vehicle id="CarOrange01" x="14.90" y="87.36" angle="315.00" type="CarOrange" speed="7.12" pos="44.05" lane="ed0504_0" slope="0.00"/>
        <vehicle id="CarRed01" x="98.58" y="5.94" angle="177.93" type="CarRed" speed="4.40" pos="1.27" lane=":nod02_1_0" slope="0.00"/>
        <vehicle id="CarWhite01" x="114.63" y="51.60" angle="270.00" type="CarWhite" speed="13.47" pos="32.17" lane="ed0708_0" slope="0.00"/>
        <vehicle id="CarYellow01" x="32.69" y="30.43" angle="45.00" type="CarYellow" speed="10.21" pos="32.90" lane="ed0105_0" slope="0.00"/>
    </timestep>
    <timestep time="27.00">
        <vehicle id="CarBlack01" x="73.74" y="71.48" angle="45.00" type="CarBlack" speed="9.61" pos="20.25" lane="ed0503_0" slope="0.00"/>
        <vehicle id="CarBlue01" x="134.43" y="51.60" angle="270.00" type="CarBlue" speed="9.70" pos="12.37" lane="ed0708_0" slope="0.00"/>
        <vehicle id="CarGray01" x="22.66" y="1.60" angle="270.00" type="CarGray" speed="12.24" pos="70.14" lane="ed0201_0" slope="0.00"/>
        <vehicle id="CarGreen01" x="75.35" y="98.40" angle="90.00" type="CarGreen" speed="12.31" pos="63.63" lane="ed0403_0" slope="0.00"/>
        <vehicle id="CarOrange01" x="12.02" y="90.24" angle="315.00" type="CarOrange" speed="4.07" pos="48.11" lane="ed0504_0" slope="0.00"/>
        <vehicle id="CarRed01" x="99.93" y="1.72" angle="163.22" type="CarRed" speed="4.52" pos="5.79" lane=":nod02_1_0" slope="0.00"/>
        <vehicle id="CarWhite01" x="110.80" y="51.60" angle="270.00" type="CarWhite" speed="3.82" pos="36.00" lane="ed0708_0" slope="0.00"/>
        <vehicle id="CarYellow01" x="37.64" y="35.38" angle="45.00" type="CarYellow" speed="7.01" pos="39.92" lane="ed0105_0" slope="0.00"/>
    </timestep>
    <timestep time="28.00">
        <vehicle id="CarBlack01" x="80.25" y="77.99" angle="45.00" type="CarBlack" speed="9.21" pos="29.46" lane="ed0503_0" slope="0.00"/>
        <vehicle id="CarBlue01" x="121.51" y="51.60" angle="270.00" type="CarBlue" speed="12.92" pos="25.29" lane="ed0708_0" slope="0.00"/>
        <vehicle id="CarGray01" x="14.85" y="1.60" angle="270.00" type="CarGray" speed="7.81" pos="77.95" lane="ed0201_0" slope="0.00"/>
        <vehicle id="CarGreen01" x="88.18" y="98.40" angle="90.00" type="CarGreen" speed="12.83" pos="76.46" lane="ed0403_0" slope="0.00"/>
        <vehicle id="CarOrange01" x="9.36" y="92.92" angle="315.13" type="CarOrange" speed="3.78" pos="0.10" lane=":nod04_3_0" slope="0.00"/>
        <vehicle id="CarRed01" x="105.97" y="-1.42" angle="108.85" type="CarRed" speed="7.16" pos="12.95" lane=":nod02_1_0" slope="0.00"/>
        <vehicle id="CarWhite01" x="104.49" y="52.10" angle="275.85" type="CarWhite" speed="6.38" pos="2.78" lane=":nod08_4_0" slope="0.00"/>
        <vehicle id="CarYellow01" x="42.70" y="40.44" angle="45.00" type="CarYellow" speed="7.14" pos="47.06" lane="ed0105_0" slope="0.00"/>
    </timestep>
    <timestep time="29.00">
        <vehicle id="CarBlack01" x="89.67" y="87.41" angle="45.00" type="CarBlack" speed="13.32" pos="42.78" lane="ed0503_0" slope="0.00"/>
        <vehicle id="CarBlue01" x="113.44" y="51.60" angle="270.00" type="CarBlue" speed="8.07" pos="33.36" lane="ed0708_0" slope="0.00"/>
        <vehicle id="CarGray01" x="8.55" y="2.05" angle="275.20" type="CarGray" speed="6.32" pos="3.21" lane=":nod01_7_0" slope="0.00"/>
        <vehicle id="CarGreen01" x="94.20" y="96.87" angle="106.01" type="CarGreen" speed="6.31" pos="6.21" lane=":nod03_7_0" slope="0.00"/>
        <vehicle id="CarOrange01" x="7.50" y="97.22" angle="337.06" type="CarOrange" speed="5.12" pos="5.22" lane=":nod04_3_0" slope="0.00"/>
        <vehicle id="CarRed01" x="110.25" y="-1.60" angle="93.16" type="CarRed" speed="4.29" pos="3.05" lane="ed0206_0" slope="0.00"/>
        <vehicle id="CarWhite01" x="101.64" y="56.89" angle="334.64" type="CarWhite" speed="5.94" pos="8.72" lane=":nod08_4_0" slope="0.00"/>
        <vehicle id="CarYellow01" x="50.43" y="48.17" angle="45.00" type="CarYellow" speed="10.94" pos="6.21" lane=":nod05_9_0" slope="0.00"/>
    </timestep>
    <timestep time="30.00">
        <vehicle id="CarBlack01" x="92.90" y="90.66" angle="44.87" type="CarBlack" speed="4.58" pos="0.10" lane=":nod03_4_0" slope="0.00"/>
        <vehicle id="CarBlue01" x="108.38" y="51.60" angle="270.00" type="CarBlue" speed="5.07" pos="38.42" lane="ed0708_0" slope="0.00"/>
        <vehicle id="CarGray01" x="4.23" y="4.07" angle="294.47" type="CarGray" speed="4.84" pos="8.05" lane=":nod01_7_0" slope="0.00"/>
        <vehicle id="CarGreen01" x="97.21" y="93.64" angle="135.59" type="CarGreen" speed="4.55" pos="10.77" lane=":nod03_7_0" slope="0.00"/>
        <vehicle id="CarOrange01" x="12.38" y="98.40" angle="77.17" type="CarOrange" speed="5.17" pos="0.65" lane="ed0403_0" slope="0.00"/>
        <vehicle id="CarRed01" x="117.72" y="-1.60" angle="90.00" type="CarRed" speed="7.47" pos="10.52" lane="ed0206_0" slope="0.00"/>
        <vehicle id="CarWhite01" x="101.60" y="62.47" angle="0.00" type="CarWhite" speed="5.58" pos="5.27" lane="ed0803_0" slope="0.00"/>
        <vehicle id="CarYellow01" x="58.34" y="56.08" angle="45.00" type="CarYellow" speed="11.19" pos="17.40" lane=":nod05_9_0" slope="0.00"/>
    </timestep>
    <timestep time="31.00">
        <vehicle id="CarBlack01" x="94.37" y="92.49" angle="41.88" type="CarBlack" speed="2.35" pos="2.45" lane=":nod03_4_0" slope="0.00"/>
        <vehicle id="CarBlue01" x="108.28" y="51.60" angle="270.00" type="CarBlue" speed="0.10" pos="38.52" lane="ed0708_0" slope="0.00"/>
        <vehicle id="CarGray01" x="1.90" y="9.61" angle="339.69" type="CarGray" speed="6.14" pos="14.19" lane=":nod01_7_0" slope="0.00"/>
        <vehicle id="CarGreen01" x="98.24" y="89.40" angle="164.33" type="CarGreen" speed="4.42" pos="15.19" lane=":nod03_7_0" slope="0.00"/>
        <vehicle id="CarOrange01" x="19.43" y="98.40" angle="90.00" type="CarOrange" speed="7.05" pos="7.70" lane="ed0403_0" slope="0.00"/>
        <vehicle id="CarRed01" x="126.19" y="-1.60" angle="90.00" type="CarRed" speed="8.47" pos="18.99" lane="ed0206_0" slope="0.00"/>
        <vehicle id="CarWhite01" x="101.60" y="75.24" angle="0.00" type="CarWhite" speed="12.76" pos="18.04" lane="ed0803_0" slope="0.00"/>
        <vehicle id="CarYellow01" x="67.75" y="65.49" angle="45.00" type="CarYellow" speed="13.32" pos="11.78" lane="ed0503_0" slope="0.00"/>
    </timestep>
    <timestep time="32.00">
        <vehicle id="CarBlack01" x="94.59" y="92.77" angle="41.42" type="CarBlack" speed="0.36" pos="2.80" lane=":nod03_4_0" slope="0.00"/>
        <vehicle id="CarBlue01" x="108.22" y="51.60" angle="270.00" type="CarBlue" speed="0.06" pos="38.58" lane="ed0708_0" slope="0.00"/>
        <vehicle id="CarGray01" x="1.60" y="17.14" angle="0.00" type="CarGray" speed="7.55" pos="5.41" lane="ed0104_0" slope="0.00"/>
        <vehicle id="CarGreen01" x="98.40" y="84.32" angle="178.30" type="CarGreen" speed="5.09" pos="3.95" lane="ed0308_0" slope="0.00"/>
        <vehicle id="CarOrange01" x="27.29" y="98.40" angle="90.00" type="CarOrange" speed="7.86" pos="15.56" lane="ed0403_0" slope="0.00"/>
        <vehicle id="CarRed01" x="137.32" y="-1.60" angle="90.00" type="CarRed" speed="11.12" pos="30.12" lane="ed0206_0" slope="0.00"/>
        <vehicle id="CarWhite01" x="101.60" y="82.86" angle="0.00" type="CarWhite" speed="7.62" pos="25.66" lane="ed0803_0" slope="0.00"/>
        <vehicle id="CarYellow01" x="75.08" y="72.82" angle="45.00" type="CarYellow" speed="10.35" pos="22.14" lane="ed0503_0" slope="0.00"/>
    </timestep>
    <timestep time="33.00">
        <vehicle id="CarBlack01" x="96.97" y="97.23" angle="27.62" type="CarBlack" speed="5.21" pos="8.02" lane=":nod03_4_0" slope="0.00"/>
        <vehicle id="CarBlue01" x="108.20" y="51.60" angle="270.00" type="CarBlue" speed="0.02" pos="38.60" lane="ed0708_0" slope="0.00"/>
        <vehicle id="CarGray01" x="1.60" y="26.23" angle="0.00" type="CarGray" speed="9.09" pos="14.50" lane="ed0104_0" slope="0.00"/>
        <vehicle id="CarGreen01" x="98.40" y="71.39" angle="180.00" type="CarGreen" speed="12.93" pos="16.88" lane="ed0308_0" slope="0.00"/>
        <vehicle id="CarOrange01" x="38.03" y="98.40" angle="90.00" type="CarOrange" speed="10.74" pos="26.30" lane="ed0403_0" slope="0.00"/>
        <vehicle id="CarRed01" x="144.38" y="-1.60" angle="90.00" type="CarRed" speed="7.06" pos="37.18" lane="ed0206_0" slope="0.00"/>
        <vehicle id="CarWhite01" x="101.60" y="86.67" angle="0.00" type="CarWhite" speed="3.81" pos="29.47" lane="ed0803_0" slope="0.00"/>
        <vehicle id="CarYellow01" x="83.98" y="81.72" angle="45.00" type="CarYellow" speed="12.59" pos="34.72" lane="ed0503_0" slope="0.00"/>
    </timestep>
    <timestep time="34.00">
        <vehicle id="CarBlack01" x="95.00" y="100.47" angle="334.14" type="CarBlack" speed="4.38" pos="12.39" lane=":nod03_4_0" slope="0.00"/>
        <vehicle id="CarBlue01" x="108.20" y="51.60" angle="270.00" type="CarBlue" speed="0.00" pos="38.60" lane="ed0708_0" slope="0.00"/>
        <vehicle id="CarGray01" x="1.60" y="35.23" angle="0.00" type="CarGray" speed="9.01" pos="23.51" lane="ed0104_0" slope="0.00"/>
        <vehicle id="CarGreen01" x="98.40" y="64.07" angle="180.00" type="CarGreen" speed="7.32" pos="24.20" lane="ed0308_0" slope="0.00"/>
        <vehicle id="CarOrange01" x="45.83" y="98.40" angle="90.00" type="CarOrange" speed="7.80" pos="34.10" lane="ed0403_0" slope="0.00"/>
        <vehicle id="CarRed01" x="149.75" y="-0.79" angle="80.46" type="CarRed" speed="5.54" pos="3.12" lane=":nod06_2_0" slope="0.00"/>
        <vehicle id="CarWhite01" x="101.06" y="92.06" angle="353.80" type="CarWhite" speed="5.43" pos="3.82" lane=":nod03_0_0" slope="0.00"/>
        <vehicle id="CarYellow01" x="89.81" y="87.55" angle="45.00" type="CarYellow" speed="8.25" pos="42.97" lane="ed0503_0" slope="0.00"/>
    </timestep>
    <timestep time="35.00">
        <vehicle id="CarBlack01" x="90.05" y="101.40" angle="279.96" type="CarBlack" speed="5.13" pos="17.52" lane=":nod03_4_0" slope="0.00"/>
        <vehicle id="CarBlue01" x="108.20" y="51.60" angle="270.00" type="CarBlue" speed="0.00" pos="38.60" lane="ed0708_0" slope="0.00"/>
        <vehicle id="CarGray01" x="1.60" y="42.81" angle="0.00" type="CarGray" speed="7.58" pos="31.08" lane="ed0104_0" slope="0.00"/>
        <vehicle id="CarGreen01" x="98.40" y="50.39" angle="180.00" type="CarGreen" speed="13.68" pos="6.81" lane=":nod08_1_0" slope="0.00"/>
        <vehicle id="CarOrange01" x="53.69" y="98.40" angle="90.00" type="CarOrange" speed="7.86" pos="41.96" lane="ed0403_0" slope="0.00"/>
        <vehicle id="CarRed01" x="151.60" y="4.18" angle="15.90" type="CarRed" speed="5.60" pos="0.98" lane="ed0607_0" slope="0.00"/>
        <vehicle id="CarWhite01" x="100.20" y="95.05" angle="346.89" type="CarWhite" speed="3.17" pos="7.00" lane=":nod03_0_0" slope="0.00"/>
        <vehicle id="CarYellow01" x="92.92" y="90.64" angle="45.13" type="CarYellow" speed="4.39" pos="0.10" lane=":nod03_3_0" slope="0.00"/>
    </timestep>
    <timestep time="36.00">
        <vehicle id="CarBlack01" x="83.23" y="101.60" angle="270.00" type="CarBlack" speed="6.83" pos="5.04" lane="ed0304_0" slope="0.00"/>
        <vehicle id="CarBlue01" x="108.20" y="51.60" angle="270.00" type="CarBlue" speed="0.00" pos="38.60" lane="ed0708_0" slope="0.00"/>
        <vehicle id="CarGray01" x="1.60" y="56.47" angle="0.00" type="CarGray" speed="13.66" pos="44.75" lane="ed0104_0" slope="0.00"/>
        <vehicle id="CarGreen01" x="98.40" y="41.48" angle="180.00" type="CarGreen" speed="8.92" pos="1.32" lane="ed0802_0" slope="0.00"/>
        <vehicle id="CarOrange01" x="64.03" y="98.40" angle="90.00" type="CarOrange" speed="10.34" pos="52.31" lane="ed0403_0" slope="0.00"/>
        <vehicle id="CarRed01" x="151.60" y="12.88" angle="0.00" type="CarRed" speed="8.70" pos="9.68" lane="ed0607_0" slope="0.00"/>
        <vehicle id="CarWhite01" x="96.11" y="99.57" angle="314.88" type="CarWhite" speed="6.27" pos="13.27" lane=":nod03_0_0" slope="0.00"/>
        <vehicle id="CarYellow01" x="97.21" y="92.51" angle="66.87" type="CarYellow" speed="5.11" pos="5.21" lane=":nod03_3_0" slope="0.00"/>
    </timestep>
    <timestep time="37.00">
        <vehicle id="CarBlack01" x="72.14" y="101.60" angle="270.00" type="CarBlack" speed="11.09" pos="16.13" lane="ed0304_0" slope="0.00"/>
        <vehicle id="CarBlue01" x="108.20" y="51.60" angle="270.00" type="CarBlue" speed="0.00" pos="38.60" lane="ed0708_0" slope="0.00"/>
        <vehicle id="CarGray01" x="1.60" y="68.70" angle="0.00" type="CarGray" speed="12.24" pos="56.98" lane="ed0104_0" slope="0.00"/>
        <vehicle id="CarGreen01" x="98.40" y="28.58" angle="180.00" type="CarGreen" speed="12.90" pos="14.22" lane="ed0802_0" slope="0.00"/>
        <vehicle id="CarOrange01" x="73.65" y="98.40" angle="90.00" type="CarOrange" speed="9.62" pos="61.93" lane="ed0403_0" slope="0.00"/>
        <vehicle id="CarRed01" x="151.60" y="21.44" angle="0.00" type="CarRed" speed="8.56" pos="18.24" lane="ed0607_0" slope="0.00"/>
        <vehicle id="CarWhite01" x="91.30" y="101.17" angle="288.03" type="CarWhite" speed="5.16" pos="18.43" lane=":nod03_0_0" slope="0.00"/>
        <vehicle id="CarYellow01" x="98.40" y="87.37" angle="169.01" type="CarYellow" speed="5.44" pos="0.90" lane="ed0308_0" slope="0.00"/>
    </timestep>
    <timestep time="38.00">
        <vehicle id="CarBlack01" x="59.72" y="101.60" angle="270.00" type="CarBlack" speed="12.42" pos="28.55" lane="ed0304_0" slope="0.00"/>
        <vehicle id="CarBlue01" x="108.20" y="51.60" angle="270.00" type="CarBlue" speed="0.00" pos="38.60" lane="ed0708_0" slope="0.00"/>
        <vehicle id="CarGray01" x="1.60" y="77.57" angle="0.00" type="CarGray" speed="8.87" pos="65.85" lane="ed0104_0" slope="0.00"/>
        <vehicle id="CarGreen01" x="98.40" y="18.06" angle="180.00" type="CarGreen" speed="10.52" pos="24.74" lane="ed0802_0" slope="0.00"/>
        <vehicle id="CarOrange01" x="83.34" y="98.40" angle="90.00" type="CarOrange" speed="9.69" pos="71.61" lane="ed0403_0" slope="0.00"/>
        <vehicle id="CarRed01" x="151.60" y="30.48" angle="0.00" type="CarRed" speed="9.04" pos="27.28" lane="ed0607_0" slope="0.00"/>
        <vehicle id="CarWhite01" x="82.32" y="101.60" angle="270.00" type="CarWhite" speed="9.01" pos="5.95" lane="ed0304_0" slope="0.00"/>
        <vehicle id="CarYellow01" x="98.40" y="80.30" angle="180.00" type="CarYellow" speed="7.07" pos="7.97" lane="ed0308_0" slope="0.00"/>
    </timestep>
    <timestep time="39.00">
        <vehicle id="CarBlack01" x="46.39" y="101.60" angle="270.00" type="CarBlack" speed="13.34" pos="41.89" lane="ed0304_0" slope="0.00"/>
        <vehicle id="CarBlue01" x="108.20" y="51.60" angle="270.00" type="CarBlue" speed="0.00" pos="38.60" lane="ed0708_0" slope="0.00"/>
        <vehicle id="CarGray01" x="1.60" y="85.32" angle="0.00" type="CarGray" speed="7.75" pos="73.60" lane="ed0104_0" slope="0.00"/>
        <vehicle id="CarGreen01" x="98.40" y="9.10" angle="180.00" type="CarGreen" speed="8.96" pos="33.70" lane="ed0802_0" slope="0.00"/>
        <vehicle id="CarOrange01" x="87.36" y="98.40" angle="90.00" type="CarOrange" speed="4.03" pos="75.64" lane="ed0403_0" slope="0.00"/>
        <vehicle id="CarRed01" x="151.60" y="38.40" angle="0.00" type="CarRed" speed="7.92" pos="35.20" lane="ed0607_0" slope="0.00"/>
        <vehicle id="CarWhite01" x="72.45" y="101.60" angle="270.00" type="CarWhite" speed="9.87" pos="15.82" lane="ed0304_0" slope="0.00"/>
        <vehicle id="CarYellow01" x="98.40" y="67.66" angle="180.00" type="CarYellow" speed="12.64" pos="20.61" lane="ed0308_0" slope="0.00"/>
    </timestep>
    <timestep time="40.00">
        <vehicle id="CarBlack01" x="38.83" y="101.60" angle="270.00" type="CarBlack" speed="7.56" pos="49.45" lane="ed0304_0" slope="0.00"/>
        <vehicle id="CarBlue01" x="108.20" y="51.60" angle="270.00" type="CarBlue" speed="0.00" pos="38.60" lane="ed0708_0" slope="0.00"/>
        <vehicle id="CarGray01" x="1.79" y="89.94" angle="2.16" type="CarGray" speed="4.63" pos="1.68" lane=":nod04_6_0" slope="0.00"/>
        <vehicle id="CarGreen01" x="99.11" y="3.08" angle="171.74" type="CarGreen" speed="6.11" pos="4.21" lane=":nod02_1_0" slope="0.00"/>
        <vehicle id="CarOrange01" x="91.26" y="98.06" angle="93.87" type="CarOrange" speed="3.91" pos="3.00" lane=":nod03_6_0" slope="0.00"/>
        <vehicle id="CarRed01" x="151.60" y="43.69" angle="0.00" type="CarRed" speed="5.29" pos="40.49" lane="ed0607_0" slope="0.00"/>
        <vehicle id="CarWhite01" x="64.12" y="101.60" angle="270.00" type="CarWhite" speed="8.34" pos="24.16" lane="ed0304_0" slope="0.00"/>
        <vehicle id="CarYellow01" x="98.40" y="58.84" angle="180.00" type="CarYellow" speed="8.82" pos="29.43" lane="ed0308_0" slope="0.00"/>
    </timestep>
    <timestep time="41.00">
        <vehicle id="CarBlack01" x="30.21" y="101.60" angle="270.00" type="CarBlack" speed="8.62" pos="58.07" lane="ed0304_0" slope="0.00"/>
        <vehicle id="CarBlue01" x="108.20" y="51.60" angle="270.00" type="CarBlue" speed="0.00" pos="38.60" lane="ed0708_0" slope="0.00"/>
        <vehicle id="CarGray01" x="3.23" y="92.74" angle="20.34" type="CarGray" speed="3.43" pos="5.11" lane=":nod04_6_0" slope="0.00"/>
        <vehicle id="CarGreen01" x="103.24" y="-0.98" angle="131.71" type="CarGreen" speed="5.96" pos="10.17" lane=":nod02_1_0" slope="0.00"/>
        <vehicle id="CarOrange01" x="92.02" y="94.64" angle="159.25" type="CarOrange" speed="4.44" pos="7.44" lane=":nod03_6_0" slope="0.00"/>
        <vehicle id="CarRed01" x="150.95" y="49.48" angle="352.42" type="CarRed" speed="5.91" pos="2.80" lane=":nod07_0_0" slope="0.00"/>
        <vehicle id="CarWhite01" x="56.91" y="101.60" angle="270.00" type="CarWhite" speed="7.21" pos="31.37" lane="ed0304_0" slope="0.00"/>
        <vehicle id="CarYellow01" x="98.93" y="53.51" angle="173.94" type="CarYellow" speed="5.37" pos="3.73" lane=":nod08_2_0" slope="0.00"/>
    </timestep>
    <timestep time="42.00">
        <vehicle id="CarBlack01" x="21.65" y="101.60" angle="270.00" type="CarBlack" speed="8.56" pos="66.63" lane="ed0304_0" slope="0.00"/>
        <vehicle id="CarBlue01" x="108.20" y="51.60" angle="270.00" type="CarBlue" speed="0.00" pos="38.60" lane="ed0708_0" slope="0.00"/>
        <vehicle id="CarGray01" x="7.28" y="90.46" angle="118.58" type="CarGray" speed="4.80" pos="0.17" lane="ed0405_0" slope="0.00"/>
        <vehicle id="CarGreen01" x="110.72" y="-1.60" angle="92.40" type="CarGreen" speed="7.54" pos="3.52" lane="ed0206_0" slope="0.00"/>
        <vehicle id="CarOrange01" x="88.90" y="91.16" angle="221.64" type="CarOrange" speed="4.67" pos="2.37" lane="ed0305_0" slope="0.00"/>
        <vehicle id="CarRed01" x="148.65" y="51.34" angle="322.44" type="CarRed" speed="3.07" pos="5.87" lane=":nod07_0_0" slope="0.00"/>
        <vehicle id="CarWhite01" x="45.10" y="101.60" angle="270.00" type="CarWhite" speed="11.81" pos="43.17" lane="ed0304_0" slope="0.00"/>
        <vehicle id="CarYellow01" x="102.17" y="49.66" angle="138.84" type="CarYellow" speed="5.20" pos="2.99" lane=":nod08_16_0" slope="0.00"/>
    </timestep>
    <timestep time="43.00">
        <vehicle id="CarBlack01" x="16.64" y="101.60" angle="270.00" type="CarBlack" speed="5.01" pos="71.64" lane="ed0304_0" slope="0.00"/>
        <vehicle id="CarBlue01" x="108.20" y="51.60" angle="270.00" type="CarBlue" speed="0.00" pos="38.60" lane="ed0708_0" slope="0.00"/>
        <vehicle id="CarGray01" x="16.98" y="80.76" angle="135.00" type="CarGray" speed="13.72" pos="13.89" lane="ed0405_0" slope="0.00"/>
        <vehicle id="CarGreen01" x="118.63" y="-1.60" angle="90.00" type="CarGreen" speed="7.90" pos="11.43" lane="ed0206_0" slope="0.00"/>
        <vehicle id="CarOrange01" x="80.73" y="82.99" angle="225.00" type="CarOrange" speed="11.55" pos="13.92" lane="ed0305_0" slope="0.00"/>
        <vehicle id="CarRed01" x="144.29" y="51.60" angle="275.69" type="CarRed" speed="4.38" pos="2.51" lane="ed0708_0" slope="0.00"/>
        <vehicle id="CarWhite01" x="37.50" y="101.60" angle="270.00" type="CarWhite" speed="7.60" pos="50.77" lane="ed0304_0" slope="0.00"/>
        <vehicle id="CarYellow01" x="109.67" y="48.40" angle="94.12" type="CarYellow" speed="7.73" pos="2.47" lane="ed0807_0" slope="0.00"/>
    </timestep>
    <timestep time="44.00">
        <vehicle id="CarBlack01" x="8.00" y="101.07" angle="263.89" type="CarBlack" speed="8.68" pos="3.77" lane=":nod04_0_0" slope="0.00"/>
        <vehicle id="CarBlue01" x="108.20" y="51.60" angle="270.00" type="CarBlue" speed="0.00" pos="38.60" lane="ed0708_0" slope="0.00"/>
        <vehicle id="CarGray01" x="24.97" y="72.77" angle="135.00" type="CarGray" speed="11.30" pos="25.19" lane="ed0405_0" slope="0.00"/>
        <vehicle id="CarGreen01" x="130.65" y="-1.60" angle="90.00" type="CarGreen" speed="12.02" pos="23.45" lane="ed0206_0" slope="0.00"/>
        <vehicle id="CarOrange01" x="73.71" y="75.97" angle="225.00" type="CarOrange" speed="9.93" pos="23.85" lane="ed0305_0" slope="0.00"/>
        <vehicle id="CarRed01" x="136.95" y="51.60" angle="270.00" type="CarRed" speed="7.34" pos="9.85" lane="ed0708_0" slope="0.00"/>
        <vehicle id="CarWhite01" x="24.31" y="101.60" angle="270.00" type="CarWhite" speed="13.20" pos="63.97" lane="ed0304_0" slope="0.00"/>
        <vehicle id="CarYellow01" x="120.55" y="48.40" angle="90.00" type="CarYellow" speed="10.89" pos="13.35" lane="ed0807_0" slope="0.00"/>
    </timestep>
    <timestep time="45.00">
        <vehicle id="CarBlack01" x="0.86" y="96.82" angle="229.61" type="CarBlack" speed="8.67" pos="12.44" lane=":nod04_0_0" slope="0.00"/>
        <vehicle id="CarBlue01" x="99.77" y="51.60" angle="270.00" type="CarBlue" speed="8.43" pos="7.43" lane=":nod08_5_0" slope="0.00"/>
        <vehicle id="CarGray01" x="31.60" y="66.14" angle="135.00" type="CarGray" speed="9.37" pos="34.56" lane="ed0405_0" slope="0.00"/>
        <vehicle id="CarGreen01" x="137.74" y="-1.60" angle="90.00" type="CarGreen" speed="7.09" pos="30.54" lane="ed0206_0" slope="0.00"/>
        <vehicle id="CarOrange01" x="64.16" y="66.42" angle="225.00" type="CarOrange" speed="13.51" pos="37.36" lane="ed0305_0" slope="0.00"/>
        <vehicle id="CarRed01" x="124.55" y="51.60" angle="270.00" type="CarRed" speed="12.40" pos="22.25" lane="ed0708_0" slope="0.00"/>
        <vehicle id="CarWhite01" x="17.49" y="101.60" angle="270.00" type="CarWhite" speed="6.82" pos="70.79" lane="ed0304_0" slope="0.00"/>
        <vehicle id="CarYellow01" x="128.37" y="48.40" angle="90.00" type="CarYellow" speed="7.82" pos="21.17" lane="ed0807_0" slope="0.00"/>
    </timestep>
    <timestep time="46.00">
        <vehicle id="CarBlack01" x="-1.22" y="90.92" angle="196.23" type="CarBlack" speed="6.38" pos="18.82" lane=":nod04_0_0" slope="0.00"/>
        <vehicle id="CarBlue01" x="90.89" y="51.60" angle="270.00" type="CarBlue" speed="8.88" pos="1.91" lane="ed0805_0" slope="0.00"/>
        <vehicle id="CarGray01" x="39.60" y="58.14" angle="135.00" type="CarGray" speed="11.32" pos="45.88" lane="ed0405_0" slope="0.00"/>
        <vehicle id="CarGreen01" x="145.16" y="-1.60" angle="90.00" type="CarGreen" speed="7.42" pos="37.96" lane="ed0206_0" slope="0.00"/>
        <vehicle id="CarOrange01" x="59.71" y="61.97" angle="225.00" type="CarOrange" speed="6.29" pos="43.65" lane="ed0305_0" slope="0.00"/>
        <vehicle id="CarRed01" x="111.61" y="51.60" angle="270.00" type="CarRed" speed="12.94" pos="35.19" lane="ed0708_0" slope="0.00"/>
        <vehicle id="CarWhite01" x="13.10" y="101.60" angle="270.00" type="CarWhite" speed="4.40" pos="75.18" lane="ed0304_0" slope="0.00"/>
        <vehicle id="CarYellow01" x="139.96" y="48.40" angle="90.00" type="CarYellow" speed="11.59" pos="32.76" lane="ed0807_0" slope="0.00"/>
    </timestep>
    <timestep time="47.00">
        <vehicle id="CarBlack01" x="-1.60" y="81.51" angle="180.00" type="CarBlack" speed="9.44" pos="6.76" lane="ed0401_0" slope="0.00"/>
        <vehicle id="CarBlue01" x="82.87" y="51.60" angle="270.00" type="CarBlue" speed="8.03" pos="9.93" lane="ed0805_0" slope="0.00"/>
        <vehicle id="CarGray01" x="42.89" y="54.85" angle="135.00" type="CarGray" speed="4.65" pos="50.53" lane="ed0405_0" slope="0.00"/>
        <vehicle id="CarGreen01" x="149.49" y="-0.95" angle="82.37" type="CarGreen" speed="4.45" pos="2.81" lane=":nod06_2_0" slope="0.00"/>
        <vehicle id="CarOrange01" x="55.58" y="57.44" angle="221.77" type="CarOrange" speed="6.14" pos="2.53" lane=":nod05_2_0" slope="0.00"/>
        <vehicle id="CarRed01" x="103.32" y="51.60" angle="270.00" type="CarRed" speed="8.29" pos="3.88" lane=":nod08_5_0" slope="0.00"/>
        <vehicle id="CarWhite01" x="7.90" y="101.17" angle="265.06" type="CarWhite" speed="5.22" pos="3.85" lane=":nod04_1_0" slope="0.00"/>
        <vehicle id="CarYellow01" x="143.84" y="48.40" angle="90.00" type="CarYellow" speed="3.88" pos="36.64" lane="ed0807_0" slope="0.00"/>
    </timestep>
    <timestep time="48.00">
        <vehicle id="CarBlack01" x="-1.60" y="70.95" angle="180.00" type="CarBlack" speed="10.55" pos="17.32" lane="ed0401_0" slope="0.00"/>
        <vehicle id="CarBlue01" x="74.36" y="51.60" angle="270.00" type="CarBlue" speed="8.51" pos="18.44" lane="ed0805_0" slope="0.00"/>
        <vehicle id="CarGray01" x="47.77" y="51.80" angle="119.72" type="CarGray" speed="5.88" pos="4.62" lane=":nod05_14_0" slope="0.00"/>
        <vehicle id="CarGreen01" x="151.51" y="2.57" angle="34.14" type="CarGreen" speed="4.30" pos="7.10" lane=":nod06_2_0" slope="0.00"/>
        <vehicle id="CarOrange01" x="53.12" y="53.37" angle="211.28" type="CarOrange" speed="4.88" pos="7.42" lane=":nod05_2_0" slope="0.00"/>
        <vehicle id="CarRed01" x="94.98" y="51.60" angle="270.00" type="CarRed" speed="8.34" pos="12.22" lane=":nod08_5_0" slope="0.00"/>
        <vehicle id="CarWhite01" x="2.84" y="98.51" angle="237.26" type="CarWhite" speed="6.14" pos="9.99" lane=":nod04_1_0" slope="0.00"/>
        <vehicle id="CarYellow01" x="147.47" y="48.30" angle="91.10" type="CarYellow" speed="3.64" pos="0.68" lane=":nod07_2_0" slope="0.00"/>
    </timestep>
    <timestep time="49.00">
        <vehicle id="CarBlack01" x="-1.60" y="60.57" angle="180.00" type="CarBlack" speed="10.38" pos="27.70" lane="ed0401_0" slope="0.00"/>
        <vehicle id="CarBlue01" x="63.36" y="51.60" angle="270.00" type="CarBlue" speed="11.00" pos="29.44" lane="ed0805_0" slope="0.00"/>
        <vehicle id="CarGray01" x="54.07" y="53.06" angle="74.05" type="CarGray" speed="6.59" pos="11.21" lane=":nod05_14_0" slope="0.00"/>
        <vehicle id="CarGreen01" x="151.60" y="6.97" angle="2.00" type="CarGreen" speed="4.40" pos="3.77" lane="ed0607_0" slope="0.00"/>
        <vehicle id="CarOrange01" x="53.10" y="53.23" angle="210.41" type="CarOrange" speed="0.14" pos="7.56" lane=":nod05_2_0" slope="0.00"/>
        <vehicle id="CarRed01" x="83.59" y="51.60" angle="270.00" type="CarRed" speed="11.39" pos="9.21" lane="ed0805_0" slope="0.00"/>
        <vehicle id="CarWhite01" x="4.94" y="93.36" angle="155.71" type="CarWhite" speed="5.77" pos="4.33" lane=":nod04_9_0" slope="0.00"/>
        <vehicle id="CarYellow01" x="148.40" y="45.25" angle="141.89" type="CarYellow" speed="3.45" pos="1.55" lane="ed0706_0" slope="0.00"/>
    </timestep>
    <timestep time="50.00">
        <vehicle id="CarBlack01" x="-1.60" y="50.12" angle="180.00" type="CarBlack" speed="10.45" pos="38.15" lane="ed0401_0" slope="0.00"/>
        <vehicle id="CarBlue01" x="62.03" y="51.60" angle="270.00" type="CarBlue" speed="1.33" pos="30.77" lane="ed0805_0" slope="0.00"/>
        <vehicle id="CarGray01" x="54.07" y="53.06" angle="74.05" type="CarGray" speed="0.00" pos="11.21" lane=":nod05_14_0" slope="0.00"/>
        <vehicle id="CarGreen01" x="151.60" y="17.94" angle="0.00" type="CarGreen" speed="10.98" pos="14.74" lane="ed0607_0" slope="0.00"/>
        <vehicle id="CarOrange01" x="53.10" y="53.23" angle="210.41" type="CarOrange" speed="0.00" pos="7.56" lane=":nod05_2_0" slope="0.00"/>
        <vehicle id="CarRed01" x="73.59" y="51.60" angle="270.00" type="CarRed" speed="10.00" pos="19.21" lane="ed0805_0" slope="0.00"/>
        <vehicle id="CarWhite01" x="8.23" y="89.51" angle="139.45" type="CarWhite" speed="5.07" pos="1.51" lane="ed0405_0" slope="0.00"/>
        <vehicle id="CarYellow01" x="148.40" y="38.22" angle="180.00" type="CarYellow" speed="7.03" pos="8.58" lane="ed0706_0" slope="0.00"/>
    </timestep>
    <timestep time="51.00">
        <vehicle id="CarBlack01" x="-1.60" y="38.72" angle="180.00" type="CarBlack" speed="11.40" pos="49.55" lane="ed0401_0" slope="0.00"/>
        <vehicle id="CarBlue01" x="57.33" y="52.91" angle="285.68" type="CarBlue" speed="5.04" pos="4.74" lane=":nod05_4_0" slope="0.00"/>
        <vehicle id="CarGray01" x="54.07" y="53.06" angle="74.05" type="CarGray" speed="0.00" pos="11.21" lane=":nod05_14_0" slope="0.00"/>
        <vehicle id="CarGreen01" x="151.60" y="28.56" angle="0.00" type="CarGreen" speed="10.61" pos="25.36" lane="ed0607_0" slope="0.00"/>
        <vehicle id="CarOrange01" x="53.10" y="53.23" angle="210.41" type="CarOrange" speed="0.00" pos="7.56" lane=":nod05_2_0" slope="0.00"/>
        <vehicle id="CarRed01" x="69.74" y="51.60" angle="270.00" type="CarRed" speed="3.85" pos="23.06" lane="ed0805_0" slope="0.00"/>
        <vehicle id="CarWhite01" x="13.92" y="83.82" angle="135.00" type="CarWhite" speed="8.05" pos="9.56" lane="ed0405_0" slope="0.00"/>
        <vehicle id="CarYellow01" x="148.40" y="27.03" angle="180.00" type="CarYellow" speed="11.19" pos="19.77" lane="ed0706_0" slope="0.00"/>
    </timestep>
    <timestep time="52.00">
        <vehicle id="CarBlack01" x="-1.60" y="30.21" angle="180.00" type="CarBlack" speed="8.51" pos="58.06" lane="ed0401_0" slope="0.00"/>
        <vehicle id="CarBlue01" x="57.33" y="52.91" angle="285.68" type="CarBlue" speed="0.00" pos="4.74" lane=":nod05_4_0" slope="0.00"/>
        <vehicle id="CarGray01" x="54.07" y="53.06" angle="74.05" type="CarGray" speed="0.00" pos="11.21" lane=":nod05_14_0" slope="0.00"/>
        <vehicle id="CarGreen01" x="151.60" y="36.75" angle="0.00" type="CarGreen" speed="8.19" pos="33.55" lane="ed0607_0" slope="0.00"/>
        <vehicle id="CarOrange01" x="53.10" y="53.23" angle="210.41" type="CarOrange" speed="0.00" pos="7.56" lane=":nod05_2_0" slope="0.00"/>
        <vehicle id="CarRed01" x="63.22" y="51.60" angle="270.00" type="CarRed" speed="6.53" pos="29.58" lane="ed0805_0" slope="0.00"/>
        <vehicle id="CarWhite01" x="21.41" y="76.33" angle="135.00" type="CarWhite" speed="10.59" pos="20.16" lane="ed0405_0" slope="0.00"/>
        <vehicle id="CarYellow01" x="148.40" y="19.86" angle="180.00" type="CarYellow" speed="7.17" pos="26.94" lane="ed0706_0" slope="0.00"/>
    </timestep>
    <timestep time="53.00">
        <vehicle id="CarBlack01" x="-1.60" y="20.51" angle="180.00" type="CarBlack" speed="9.71" pos="67.77" lane="ed0401_0" slope="0.00"/>
        <vehicle id="CarBlue01" x="57.33" y="52.91" angle="285.68" type="CarBlue" speed="0.00" pos="4.74" lane=":nod05_4_0" slope="0.00"/>
        <vehicle id="CarGray01" x="54.07" y="53.06" angle="74.05" type="CarGray" speed="0.00" pos="11.21" lane=":nod05_14_0" slope="0.00"/>
        <vehicle id="CarGreen01" x="151.60" y="43.44" angle="0.00" type="CarGreen" speed="6.69" pos="40.24" lane="ed0607_0" slope="0.00"/>
        <vehicle id="CarOrange01" x="53.10" y="53.23" angle="210.41" type="CarOrange" speed="0.00" pos="7.56" lane=":nod05_2_0" slope="0.00"/>
        <vehicle id="CarRed01" x="62.99" y="51.60" angle="270.00" type="CarRed" speed="0.22" pos="29.81" lane="ed0805_0" slope="0.00"/>
        <vehicle id="CarWhite01" x="29.14" y="68.60" angle="135.00" type="CarWhite" speed="10.92" pos="31.08" lane="ed0405_0" slope="0.00"/>
        <vehicle id="CarYellow01" x="148.40" y="9.34" angle="180.00" type="CarYellow" speed="10.52" pos="37.46" lane="ed0706_0" slope="0.00"/>
    </timestep>
    <timestep time="54.00">
        <vehicle id="CarBlack01" x="-1.60" y="12.14" angle="180.00" type="CarBlack" speed="8.37" pos="76.14" lane="ed0401_0" slope="0.00"/>
        <vehicle id="CarBlue01" x="57.33" y="52.91" angle="285.68" type="CarBlue" speed="0.00" pos="4.74" lane=":nod05_4_0" slope="0.00"/>
        <vehicle id="CarGray01" x="54.07" y="53.06" angle="74.05" type="CarGray" speed="0.00" pos="11.21" lane=":nod05_14_0" slope="0.00"/>
        <vehicle id="CarGreen01" x="151.57" y="47.01" angle="359.66" type="CarGreen" speed="3.57" pos="0.21" lane=":nod07_0_0" slope="0.00"/>
        <vehicle id="CarOrange01" x="53.10" y="53.23" angle="210.41" type="CarOrange" speed="0.00" pos="7.56" lane=":nod05_2_0" slope="0.00"/>
        <vehicle id="CarRed01" x="62.99" y="51.60" angle="270.00" type="CarRed" speed="0.00" pos="29.81" lane="ed0805_0" slope="0.00"/>
        <vehicle id="CarWhite01" x="37.05" y="60.69" angle="135.00" type="CarWhite" speed="11.20" pos="42.28" lane="ed0405_0" slope="0.00"/>
        <vehicle id="CarYellow01" x="148.40" y="5.86" angle="180.00" type="CarYellow" speed="3.48" pos="40.94" lane="ed0706_0" slope="0.00"/>
    </timestep>
    <timestep time="55.00">
        <vehicle id="CarBlack01" x="0.24" y="4.21" angle="162.93" type="CarBlack" speed="8.26" pos="7.85" lane=":nod01_0_0" slope="0.00"/>
        <vehicle id="CarBlue01" x="57.33" y="52.91" angle="285.68" type="CarBlue" speed="0.00" pos="4.74" lane=":nod05_4_0" slope="0.00"/>
        <vehicle id="CarGray01" x="54.07" y="53.06" angle="74.05" type="CarGray" speed="0.00" pos="11.21" lane=":nod05_14_0" slope="0.00"/>
        <vehicle id="CarGreen01" x="148.52" y="51.35" angle="320.43" type="CarGreen" speed="5.79" pos="6.01" lane=":nod07_0_0" slope="0.00"/>
        <vehicle id="CarOrange01" x="53.10" y="53.23" angle="210.41" type="CarOrange" speed="0.00" pos="7.56" lane=":nod05_2_0" slope="0.00"/>
        <vehicle id="CarRed01" x="62.99" y="51.60" angle="270.00" type="CarRed" speed="0.00" pos="29.81" lane="ed0805_0" slope="0.00"/>
        <vehicle id="CarWhite01" x="40.97" y="56.77" angle="135.00" type="CarWhite" speed="5.53" pos="47.81" lane="ed0405_0" slope="0.00"/>
        <vehicle id="CarYellow01" x="148.09" y="2.15" angle="183.59" type="CarYellow" speed="3.78" pos="1.11" lane=":nod06_0_0" slope="0.00"/>
    </timestep>
    <timestep time="56.00">
        <vehicle id="CarBlack01" x="4.35" y="0.16" angle="131.85" type="CarBlack" speed="5.94" pos="13.80" lane=":nod01_0_0" slope="0.00"/>
        <vehicle id="CarBlue01" x="57.33" y="52.91" angle="285.68" type="CarBlue" speed="0.00" pos="4.74" lane=":nod05_4_0" slope="0.00"/>
        <vehicle id="CarGray01" x="54.07" y="53.06" angle="74.05" type="CarGray" speed="0.00" pos="11.21" lane=":nod05_14_0" slope="0.00"/>
        <vehicle id="CarGreen01" x="144.29" y="51.60" angle="275.68" type="CarGreen" speed="4.24" pos="2.51" lane="ed0708_0" slope="0.00"/>
        <vehicle id="CarOrange01" x="53.10" y="53.23" angle="210.41" type="CarOrange" speed="0.00" pos="7.56" lane=":nod05_2_0" slope="0.00"/>
        <vehicle id="CarRed01" x="62.99" y="51.60" angle="270.00" type="CarRed" speed="0.00" pos="29.81" lane="ed0805_0" slope="0.00"/>
        <vehicle id="CarWhite01" x="43.84" y="53.88" angle="135.16" type="CarWhite" speed="4.08" pos="0.10" lane=":nod05_12_0" slope="0.00"/>
        <vehicle id="CarYellow01" x="144.70" y="1.60" angle="242.51" type="CarYellow" speed="3.56" pos="2.10" lane="ed0602_0" slope="0.00"/>
    </timestep>
    <timestep time="57.00">
        <vehicle id="CarBlack01" x="11.53" y="-1.57" angle="98.10" type="CarBlack" speed="7.49" pos="21.28" lane=":nod01_0_0" slope="0.00"/>
        <vehicle id="CarBlue01" x="57.33" y="52.91" angle="285.68" type="CarBlue" speed="0.00" pos="4.74" lane=":nod05_4_0" slope="0.00"/>
        <vehicle id="CarGray01" x="54.07" y="53.06" angle="74.05" type="CarGray" speed="0.00" pos="11.21" lane=":nod05_14_0" slope="0.00"/>
        <vehicle id="CarGreen01" x="131.13" y="51.60" angle="270.00" type="CarGreen" speed="13.16" pos="15.67" lane="ed0708_0" slope="0.00"/>
        <vehicle id="CarOrange01" x="53.10" y="53.23" angle="210.41" type="CarOrange" speed="0.00" pos="7.56" lane=":nod05_2_0" slope="0.00"/>
        <vehicle id="CarRed01" x="62.99" y="51.60" angle="270.00" type="CarRed" speed="0.00" pos="29.81" lane="ed0805_0" slope="0.00"/>
        <vehicle id="CarWhite01" x="45.62" y="50.54" angle="148.15" type="CarWhite" speed="3.85" pos="3.95" lane=":nod05_12_0" slope="0.00"/>
        <vehicle id="CarYellow01" x="136.15" y="1.60" angle="270.00" type="CarYellow" speed="8.55" pos="10.65" lane="ed0602_0" slope="0.00"/>
    </timestep>
    <timestep time="58.00">
        <vehicle id="CarBlack01" x="17.47" y="-1.60" angle="90.00" type="CarBlack" speed="5.95" pos="5.74" lane="ed0102_0" slope="0.00"/>
        <vehicle id="CarBlue01" x="57.33" y="52.91" angle="285.68" type="CarBlue" speed="0.00" pos="4.74" lane=":nod05_4_0" slope="0.00"/>
        <vehicle id="CarGray01" x="54.07" y="53.06" angle="74.05" type="CarGray" speed="0.00" pos="11.21" lane=":nod05_14_0" slope="0.00"/>
        <vehicle id="CarGreen01" x="117.28" y="51.60" angle="270.00" type="CarGreen" speed="13.85" pos="29.52" lane="ed0708_0" slope="0.00"/>
        <vehicle id="CarOrange01" x="53.10" y="53.23" angle="210.41" type="CarOrange" speed="0.00" pos="7.56" lane=":nod05_2_0" slope="0.00"/>
        <vehicle id="CarRed01" x="62.99" y="51.60" angle="270.00" type="CarRed" speed="0.00" pos="29.81" lane="ed0805_0" slope="0.00"/>
        <vehicle id="CarWhite01" x="42.77" y="45.03" angle="214.19" type="CarWhite" speed="6.50" pos="1.42" lane="ed0501_0" slope="0.00"/>
        <vehicle id="CarYellow01" x="125.53" y="1.60" angle="270.00" type="CarYellow" speed="10.62" pos="21.27" lane="ed0602_0" slope="0.00"/>
    </timestep>
    <timestep time="59.00">
        <vehicle id="CarBlack01" x="25.59" y="-1.60" angle="90.00" type="CarBlack" speed="8.12" pos="13.86" lane="ed0102_0" slope="0.00"/>
        <vehicle id="CarBlue01" x="57.33" y="52.91" angle="285.68" type="CarBlue" speed="0.00" pos="4.74" lane=":nod05_4_0" slope="0.00"/>
        <vehicle id="CarGray01" x="54.07" y="53.06" angle="74.05" type="CarGray" speed="0.00" pos="11.21" lane=":nod05_14_0" slope="0.00"/>
        <vehicle id="CarGreen01" x="108.57" y="51.60" angle="270.00" type="CarGreen" speed="8.70" pos="38.23" lane="ed0708_0" slope="0.00"/>
        <vehicle id="CarOrange01" x="53.10" y="53.23" angle="210.41" type="CarOrange" speed="0.00" pos="7.56" lane=":nod05_2_0" slope="0.00"/>
        <vehicle id="CarRed01" x="62.99" y="51.60" angle="270.00" type="CarRed" speed="0.00" pos="29.81" lane="ed0805_0" slope="0.00"/>
        <vehicle id="CarWhite01" x="34.08" y="36.34" angle="225.00" type="CarWhite" speed="12.29" pos="13.72" lane="ed0501_0" slope="0.00"/>
        <vehicle id="CarYellow01" x="112.55" y="1.60" angle="270.00" type="CarYellow" speed="12.98" pos="34.25" lane="ed0602_0" slope="0.00"/>
    </timestep>
    <timestep time="60.00">
        <vehicle id="CarBlack01" x="38.21" y="-1.60" angle="90.00" type="CarBlack" speed="12.62" pos="26.48" lane="ed0102_0" slope="0.00"/>
        <vehicle id="CarBlue01" x="57.33" y="52.91" angle="285.68" type="CarBlue" speed="0.00" pos="4.74" lane=":nod05_4_0" slope="0.00"/>
        <vehicle id="CarGreen01" x="100.09" y="51.60" angle="270.00" type="CarGreen" speed="8.48" pos="7.11" lane=":nod08_5_0" slope="0.00"/>
        <vehicle id="CarRed01" x="62.99" y="51.60" angle="270.00" type="CarRed" speed="0.00" pos="29.81" lane="ed0805_0" slope="0.00"/>
        <vehicle id="CarWhite01" x="24.77" y="27.03" angle="225.00" type="CarWhite" speed="13.17" pos="26.88" lane="ed0501_0" slope="0.00"/>
        <vehicle id="CarYellow01" x="106.08" y="1.76" angle="271.84" type="CarYellow" speed="6.48" pos="1.14" lane=":nod02_3_0" slope="0.00"/>
    </timestep>
    <timestep time="61.00">
        <vehicle id="CarBlack01" x="47.18" y="-1.60" angle="90.00" type="CarBlack" speed="8.97" pos="35.45" lane="ed0102_0" slope="0.00"/>
        <vehicle id="CarBlue01" x="58.61" y="56.15" angle="3.42" type="CarBlue" speed="3.71" pos="8.44" lane=":nod05_4_0" slope="0.00"/>
        <vehicle id="CarGreen01" x="89.41" y="51.60" angle="270.00" type="CarGreen" speed="10.68" pos="3.39" lane="ed0805_0" slope="0.00"/>
        <vehicle id="CarRed01" x="62.99" y="51.60" angle="270.00" type="CarRed" speed="0.00" pos="29.81" lane="ed0805_0" slope="0.00"/>
        <vehicle id="CarWhite01" x="19.18" y="21.44" angle="225.00" type="CarWhite" speed="7.91" pos="34.79" lane="ed0501_0" slope="0.00"/>
        <vehicle id="CarYellow01" x="102.91" y="3.15" angle="288.58" type="CarYellow" speed="3.55" pos="4.69" lane=":nod02_3_0" slope="0.00"/>
    </timestep>
    <timestep time="62.00">
        <vehicle id="CarBlack01" x="56.94" y="-1.60" angle="90.00" type="CarBlack" speed="9.76" pos="45.21" lane="ed0102_0" slope="0.00"/>
        <vehicle id="CarBlue01" x="60.87" y="58.61" angle="41.22" type="CarBlue" speed="3.35" pos="2.05" lane="ed0503_0" slope="0.00"/>
        <vehicle id="CarGreen01" x="80.43" y="51.60" angle="270.00" type="CarGreen" speed="8.98" pos="12.37" lane="ed0805_0" slope="0.00"/>
        <vehicle id="CarRed01" x="59.30" y="51.74" angle="271.57" type="CarRed" speed="3.70" pos="2.43" lane=":nod05_5_0" slope="0.00"/>
        <vehicle id="CarWhite01" x="12.10" y="14.36" angle="225.00" type="CarWhite" speed="10.02" pos="44.81" lane="ed0501_0" slope="0.00"/>
        <vehicle id="CarYellow01" x="101.60" y="7.20" angle="337.81" type="CarYellow" speed="4.34" pos="0.00" lane="ed0208_0" slope="0.00"/>
    </timestep>
    <timestep time="63.00">
        <vehicle id="CarBlack01" x="70.80" y="-1.60" angle="90.00" type="CarBlack" speed="13.85" pos="59.07" lane="ed0102_0" slope="0.00"/>
        <vehicle id="CarBlue01" x="67.48" y="65.22" angle="45.00" type="CarBlue" speed="9.35" pos="11.40" lane="ed0503_0" slope="0.00"/>
        <vehicle id="CarGreen01" x="70.88" y="51.60" angle="270.00" type="CarGreen" speed="9.56" pos="21.92" lane="ed0805_0" slope="0.00"/>
        <vehicle id="CarRed01" x="57.12" y="51.86" angle="272.99" type="CarRed" speed="2.19" pos="4.62" lane=":nod05_5_0" slope="0.00"/>
        <vehicle id="CarYellow01" x="101.60" y="18.16" angle="0.00" type="CarYellow" speed="10.96" pos="10.96" lane="ed0208_0" slope="0.00"/>
    </timestep>
    <timestep time="64.00">
        <vehicle id="CarBlack01" x="79.96" y="-1.60" angle="90.00" type="CarBlack" speed="9.16" pos="68.23" lane="ed0102_0" slope="0.00"/>
        <vehicle id="CarBlue01" x="74.18" y="71.92" angle="45.00" type="CarBlue" speed="9.47" pos="20.88" lane="ed0503_0" slope="0.00"/>
        <vehicle id="CarGreen01" x="66.42" y="51.60" angle="270.00" type="CarGreen" speed="4.45" pos="26.38" lane="ed0805_0" slope="0.00"/>
        <vehicle id="CarRed01" x="47.29" y="55.29" angle="297.50" type="CarRed" speed="10.56" pos="15.18" lane=":nod05_5_0" slope="0.00"/>
        <vehicle id="CarYellow01" x="101.60" y="27.60" angle="0.00" type="CarYellow" speed="9.44" pos="20.40" lane="ed0208_0" slope="0.00"/>
    </timestep>
    <timestep time="65.00">
        <vehicle id="CarBlack01" x="90.92" y="-1.60" angle="90.00" type="CarBlack" speed="10.96" pos="79.19" lane="ed0102_0" slope="0.00"/>
        <vehicle id="CarBlue01" x="81.16" y="78.90" angle="45.00" type="CarBlue" speed="9.87" pos="30.75" lane="ed0503_0" slope="0.00"/>
        <vehicle id="CarGreen01" x="63.53" y="51.60" angle="270.00" type="CarGreen" speed="2.89" pos="29.27" lane="ed0805_0" slope="0.00"/>
        <vehicle id="CarRed01" x="38.52" y="63.74" angle="315.00" type="CarRed" speed="12.20" pos="10.64" lane="ed0504_0" slope="0.00"/>
        <vehicle id="CarYellow01" x="101.60" y="40.08" angle="0.00" type="CarYellow" speed="12.48" pos="32.88" lane="ed0208_0" slope="0.00"/>
    </timestep>
    <timestep time="66.00">
        <vehicle id="CarBlue01" x="88.90" y="86.64" angle="45.00" type="CarBlue" speed="10.95" pos="41.69" lane="ed0503_0" slope="0.00"/>
        <vehicle id="CarGreen01" x="53.77" y="50.79" angle="262.74" type="CarGreen" speed="9.82" pos="8.02" lane=":nod05_6_0" slope="0.00"/>
        <vehicle id="CarRed01" x="30.13" y="72.13" angle="315.00" type="CarRed" speed="11.87" pos="22.51" lane="ed0504_0" slope="0.00"/>
        <vehicle id="CarYellow01" x="101.60" y="41.44" angle="0.00" type="CarYellow" speed="1.35" pos="34.24" lane="ed0208_0" slope="0.00"/>
    </timestep>
    <timestep time="67.00">
        <vehicle id="CarBlue01" x="91.61" y="89.35" angle="45.00" type="CarBlue" speed="3.82" pos="45.51" lane="ed0503_0" slope="0.00"/>
        <vehicle id="CarGreen01" x="43.29" y="45.55" angle="232.50" type="CarGreen" speed="11.92" pos="0.70" lane="ed0501_0" slope="0.00"/>
        <vehicle id="CarRed01" x="22.25" y="80.01" angle="315.00" type="CarRed" speed="11.14" pos="33.65" lane="ed0504_0" slope="0.00"/>
        <vehicle id="CarYellow01" x="101.60" y="41.62" angle="0.00" type="CarYellow" speed="0.19" pos="34.42" lane="ed0208_0" slope="0.00"/>
    </timestep>
    <timestep time="68.00">
        <vehicle id="CarBlue01" x="95.51" y="93.92" angle="39.54" type="CarBlue" speed="6.02" pos="4.27" lane=":nod03_4_0" slope="0.00"/>
        <vehicle id="CarGreen01" x="33.55" y="35.81" angle="225.00" type="CarGreen" speed="13.77" pos="14.47" lane="ed0501_0" slope="0.00"/>
        <vehicle id="CarRed01" x="15.19" y="87.07" angle="315.00" type="CarRed" speed="9.98" pos="43.63" lane="ed0504_0" slope="0.00"/>
        <vehicle id="CarYellow01" x="101.60" y="41.73" angle="0.00" type="CarYellow" speed="0.11" pos="34.53" lane="ed0208_0" slope="0.00"/>
    </timestep>
    <timestep time="69.00">
        <vehicle id="CarBlue01" x="95.95" y="99.77" angle="350.23" type="CarBlue" speed="6.94" pos="11.21" lane=":nod03_4_0" slope="0.00"/>
        <vehicle id="CarGreen01" x="28.40" y="30.66" angle="225.00" type="CarGreen" speed="7.28" pos="21.75" lane="ed0501_0" slope="0.00"/>
        <vehicle id="CarYellow01" x="101.60" y="41.79" angle="0.00" type="CarYellow" speed="0.06" pos="34.59" lane="ed0208_0" slope="0.00"/>
    </timestep>
    <timestep time="70.00">
        <vehicle id="CarBlue01" x="91.03" y="101.29" angle="285.90" type="CarBlue" speed="5.32" pos="16.53" lane=":nod03_4_0" slope="0.00"/>
        <vehicle id="CarGreen01" x="22.15" y="24.41" angle="225.00" type="CarGreen" speed="8.84" pos="30.59" lane="ed0501_0" slope="0.00"/>
        <vehicle id="CarYellow01" x="101.60" y="41.80" angle="0.00" type="CarYellow" speed="0.01" pos="34.60" lane="ed0208_0" slope="0.00"/>
    </timestep>
    <timestep time="71.00">
        <vehicle id="CarBlue01" x="83.76" y="101.60" angle="270.63" type="CarBlue" speed="7.29" pos="4.51" lane="ed0304_0" slope="0.00"/>
        <vehicle id="CarGreen01" x="15.51" y="17.77" angle="225.00" type="CarGreen" speed="9.39" pos="39.99" lane="ed0501_0" slope="0.00"/>
        <vehicle id="CarYellow01" x="101.60" y="41.80" angle="0.00" type="CarYellow" speed="0.00" pos="34.60" lane="ed0208_0" slope="0.00"/>
    </timestep>
    <timestep time="72.00">
        <vehicle id="CarBlue01" x="76.23" y="101.60" angle="270.00" type="CarBlue" speed="7.53" pos="12.04" lane="ed0304_0" slope="0.00"/>
        <vehicle id="CarGreen01" x="8.55" y="10.81" angle="225.00" type="CarGreen" speed="9.84" pos="49.83" lane="ed0501_0" slope="0.00"/>
        <vehicle id="CarYellow01" x="101.60" y="41.80" angle="0.00" type="CarYellow" speed="0.00" pos="34.60" lane="ed0208_0" slope="0.00"/>
    </timestep>
    <timestep time="73.00">
        <vehicle id="CarBlue01" x="67.59" y="101.60" angle="270.00" type="CarBlue" speed="8.65" pos="20.69" lane="ed0304_0" slope="0.00"/>
        <vehicle id="CarGreen01" x="4.63" y="6.25" angle="219.82" type="CarGreen" speed="6.02" pos="4.05" lane=":nod01_4_0" slope="0.00"/>
        <vehicle id="CarYellow01" x="101.60" y="41.80" angle="0.00" type="CarYellow" speed="0.00" pos="34.60" lane="ed0208_0" slope="0.00"/>
    </timestep>
    <timestep time="74.00">
        <vehicle id="CarBlue01" x="57.73" y="101.60" angle="270.00" type="CarBlue" speed="9.86" pos="30.55" lane="ed0304_0" slope="0.00"/>
        <vehicle id="CarGreen01" x="3.87" y="0.36" angle="174.22" type="CarGreen" speed="6.93" pos="10.99" lane=":nod01_4_0" slope="0.00"/>
        <vehicle id="CarYellow01" x="101.60" y="41.80" angle="0.00" type="CarYellow" speed="0.00" pos="34.60" lane="ed0208_0" slope="0.00"/>
    </timestep>
    <timestep time="75.00">
        <vehicle id="CarBlue01" x="48.92" y="101.60" angle="270.00" type="CarBlue" speed="8.81" pos="39.35" lane="ed0304_0" slope="0.00"/>
        <vehicle id="CarGreen01" x="9.27" y="-1.32" angle="104.06" type="CarGreen" speed="5.85" pos="16.84" lane=":nod01_4_0" slope="0.00"/>
        <vehicle id="CarYellow01" x="101.60" y="41.80" angle="0.00" type="CarYellow" speed="0.00" pos="34.60" lane="ed0208_0" slope="0.00"/>
    </timestep>
    <timestep time="76.00">
        <vehicle id="CarBlue01" x="35.88" y="101.60" angle="270.00" type="CarBlue" speed="13.05" pos="52.40" lane="ed0304_0" slope="0.00"/>
        <vehicle id="CarGreen01" x="15.13" y="-1.60" angle="92.05" type="CarGreen" speed="5.87" pos="3.40" lane="ed0102_0" slope="0.00"/>
        <vehicle id="CarYellow01" x="101.60" y="41.80" angle="0.00" type="CarYellow" speed="0.00" pos="34.60" lane="ed0208_0" slope="0.00"/>
    </timestep>
    <timestep time="77.00">
        <vehicle id="CarBlue01" x="27.13" y="101.60" angle="270.00" type="CarBlue" speed="8.75" pos="61.15" lane="ed0304_0" slope="0.00"/>
        <vehicle id="CarGreen01" x="25.30" y="-1.60" angle="90.00" type="CarGreen" speed="10.17" pos="13.57" lane="ed0102_0" slope="0.00"/>
        <vehicle id="CarYellow01" x="101.60" y="41.80" angle="0.00" type="CarYellow" speed="0.00" pos="34.60" lane="ed0208_0" slope="0.00"/>
    </timestep>
    <timestep time="78.00">
        <vehicle id="CarBlue01" x="18.04" y="101.60" angle="270.00" type="CarBlue" speed="9.09" pos="70.23" lane="ed0304_0" slope="0.00"/>
        <vehicle id="CarGreen01" x="36.41" y="-1.60" angle="90.00" type="CarGreen" speed="11.11" pos="24.68" lane="ed0102_0" slope="0.00"/>
        <vehicle id="CarYellow01" x="101.60" y="41.80" angle="0.00" type="CarYellow" speed="0.00" pos="34.60" lane="ed0208_0" slope="0.00"/>
    </timestep>
    <timestep time="79.00">
        <vehicle id="CarBlue01" x="10.75" y="101.46" angle="268.39" type="CarBlue" speed="7.31" pos="0.99" lane=":nod04_0_0" slope="0.00"/>
        <vehicle id="CarGreen01" x="49.45" y="-1.60" angle="90.00" type="CarGreen" speed="13.04" pos="37.72" lane="ed0102_0" slope="0.00"/>
        <vehicle id="CarYellow01" x="101.60" y="41.80" angle="0.00" type="CarYellow" speed="0.00" pos="34.60" lane="ed0208_0" slope="0.00"/>
    </timestep>
    <timestep time="80.00">
        <vehicle id="CarBlue01" x="3.35" y="99.24" angle="248.27" type="CarBlue" speed="7.87" pos="8.86" lane=":nod04_0_0" slope="0.00"/>
        <vehicle id="CarGreen01" x="62.51" y="-1.60" angle="90.00" type="CarGreen" speed="13.06" pos="50.78" lane="ed0102_0" slope="0.00"/>
        <vehicle id="CarYellow01" x="101.60" y="41.80" angle="0.00" type="CarYellow" speed="0.00" pos="34.60" lane="ed0208_0" slope="0.00"/>
    </timestep>
    <timestep time="81.00">
        <vehicle id="CarBlue01" x="-1.10" y="91.75" angle="200.11" type="CarBlue" speed="9.12" pos="17.98" lane=":nod04_0_0" slope="0.00"/>
        <vehicle id="CarGreen01" x="73.42" y="-1.60" angle="90.00" type="CarGreen" speed="10.91" pos="61.69" lane="ed0102_0" slope="0.00"/>
        <vehicle id="CarYellow01" x="101.60" y="41.80" angle="0.00" type="CarYellow" speed="0.00" pos="34.60" lane="ed0208_0" slope="0.00"/>
    </timestep>
    <timestep time="82.00">
        <vehicle id="CarBlue01" x="-1.60" y="84.61" angle="182.17" type="CarBlue" speed="7.17" pos="3.66" lane="ed0401_0" slope="0.00"/>
        <vehicle id="CarGreen01" x="83.38" y="-1.60" angle="90.00" type="CarGreen" speed="9.96" pos="71.65" lane="ed0102_0" slope="0.00"/>
        <vehicle id="CarYellow01" x="101.60" y="41.80" angle="0.00" type="CarYellow" speed="0.00" pos="34.60" lane="ed0208_0" slope="0.00"/>
    </timestep>
    <timestep time="83.00">
        <vehicle id="CarBlue01" x="-1.60" y="73.20" angle="180.00" type="CarBlue" speed="11.41" pos="15.07" lane="ed0401_0" slope="0.00"/>
        <vehicle id="CarGreen01" x="90.44" y="-1.60" angle="90.00" type="CarGreen" speed="7.07" pos="78.71" lane="ed0102_0" slope="0.00"/>
        <vehicle id="CarYellow01" x="101.60" y="41.80" angle="0.00" type="CarYellow" speed="0.00" pos="34.60" lane="ed0208_0" slope="0.00"/>
    </timestep>
    <timestep time="84.00">
        <vehicle id="CarBlue01" x="-1.60" y="64.92" angle="180.00" type="CarBlue" speed="8.29" pos="23.35" lane="ed0401_0" slope="0.00"/>
        <vehicle id="CarYellow01" x="101.60" y="41.80" angle="0.00" type="CarYellow" speed="0.00" pos="34.60" lane="ed0208_0" slope="0.00"/>
    </timestep>
    <timestep time="85.00">
        <vehicle id="CarBlue01" x="-1.60" y="53.00" angle="180.00" type="CarBlue" speed="11.92" pos="35.28" lane="ed0401_0" slope="0.00"/>
        <vehicle id="CarYellow01" x="101.60" y="41.80" angle="0.00" type="CarYellow" speed="0.00" pos="34.60" lane="ed0208_0" slope="0.00"/>
    </timestep>
    <timestep time="86.00">
        <vehicle id="CarBlue01" x="-1.60" y="43.69" angle="180.00" type="CarBlue" speed="9.31" pos="44.59" lane="ed0401_0" slope="0.00"/>
        <vehicle id="CarYellow01" x="101.60" y="41.80" angle="0.00" type="CarYellow" speed="0.00" pos="34.60" lane="ed0208_0" slope="0.00"/>
    </timestep>
    <timestep time="87.00">
        <vehicle id="CarBlue01" x="-1.60" y="35.99" angle="180.00" type="CarBlue" speed="7.70" pos="52.29" lane="ed0401_0" slope="0.00"/>
        <vehicle id="CarYellow01" x="101.60" y="41.80" angle="0.00" type="CarYellow" speed="0.00" pos="34.60" lane="ed0208_0" slope="0.00"/>
    </timestep>
    <timestep time="88.00">
        <vehicle id="CarBlue01" x="-1.60" y="28.82" angle="180.00" type="CarBlue" speed="7.17" pos="59.46" lane="ed0401_0" slope="0.00"/>
        <vehicle id="CarYellow01" x="101.60" y="41.80" angle="0.00" type="CarYellow" speed="0.00" pos="34.60" lane="ed0208_0" slope="0.00"/>
    </timestep>
    <timestep time="89.00">
        <vehicle id="CarBlue01" x="-1.60" y="16.49" angle="180.00" type="CarBlue" speed="12.33" pos="71.79" lane="ed0401_0" slope="0.00"/>
        <vehicle id="CarYellow01" x="101.60" y="41.80" angle="0.00" type="CarYellow" speed="0.00" pos="34.60" lane="ed0208_0" slope="0.00"/>
    </timestep>
    <timestep time="90.00">
        <vehicle id="CarYellow01" x="101.60" y="55.18" angle="0.00" type="CarYellow" speed="13.38" pos="12.38" lane=":nod08_9_0" slope="0.00"/>
    </timestep>
    <timestep time="91.00">
        <vehicle id="CarYellow01" x="101.60" y="63.58" angle="0.00" type="CarYellow" speed="8.40" pos="6.38" lane="ed0803_0" slope="0.00"/>
    </timestep>
    <timestep time="92.00">
        <vehicle id="CarYellow01" x="101.60" y="76.65" angle="0.00" type="CarYellow" speed="13.07" pos="19.45" lane="ed0803_0" slope="0.00"/>
    </timestep>
    <timestep time="93.00"/>
</fcd-export>
