<?xml version="1.0" encoding="UTF-8"?>

<!-- generated on Sat Nov  2 20:08:04 2019 by Eclipse SUMO Version 1.0.0
<configuration xmlns:xsi="http://www.w3.org/2001/XMLSchema-instance" xsi:noNamespaceSchemaLocation="http://sumo.dlr.de/xsd/sumoConfiguration.xsd">

    <input>
        <net-file value="wagner.net.xml"/>
        <route-files value="wagner.rou.xml"/>
    </input>

    <output>
        <fcd-output value="sumoTrace.xml"/>
    </output>

    <time>
        <begin value="0"/>
        <end value="200"/>
    </time>

    <processing>
        <collision.action value="remove"/>
        <collision.stoptime value="30"/>
    </processing>

</configuration>
-->

<fcd-export xmlns:xsi="http://www.w3.org/2001/XMLSchema-instance" xsi:noNamespaceSchemaLocation="http://sumo.dlr.de/xsd/fcd_file.xsd">
    <timestep time="0.00"/>
    <timestep time="1.00">
        <vehicle id="CarBlack01" x="112.30" y="-1.60" angle="90.00" type="CarBlack" speed="0.00" pos="5.10" lane="ed0206_0" slope="0.00"/>
        <vehicle id="CarBlue01" x="16.83" y="-1.60" angle="90.00" type="CarBlue" speed="0.00" pos="5.10" lane="ed0102_0" slope="0.00"/>
        <vehicle id="CarGray1" x="86.97" y="89.23" angle="225.00" type="CarGray" speed="0.00" pos="5.10" lane="ed0305_0" slope="0.00"/>
        <vehicle id="CarGreen01" x="87.70" y="1.60" angle="270.00" type="CarGreen" speed="0.00" pos="5.10" lane="ed0201_0" slope="0.00"/>
        <vehicle id="CarOrange01" x="-1.60" y="83.17" angle="180.00" type="CarOrange" speed="0.00" pos="5.10" lane="ed0401_0" slope="0.00"/>
        <vehicle id="CarRed01" x="10.77" y="86.97" angle="135.00" type="CarRed" speed="0.00" pos="5.10" lane="ed0405_0" slope="0.00"/>
        <vehicle id="CarWhite01" x="101.60" y="62.30" angle="0.00" type="CarWhite" speed="0.00" pos="5.10" lane="ed0803_0" slope="0.00"/>
        <vehicle id="CarYellow01" x="83.17" y="101.60" angle="270.00" type="CarYellow" speed="0.00" pos="5.10" lane="ed0304_0" slope="0.00"/>
    </timestep>
    <timestep time="2.00">
        <vehicle id="CarBlack01" x="125.87" y="-1.60" angle="90.00" type="CarBlack" speed="13.57" pos="18.67" lane="ed0206_0" slope="0.00"/>
        <vehicle id="CarBlue01" x="24.53" y="-1.60" angle="90.00" type="CarBlue" speed="7.70" pos="12.80" lane="ed0102_0" slope="0.00"/>
        <vehicle id="CarGray1" x="80.05" y="82.31" angle="225.00" type="CarGray" speed="9.79" pos="14.89" lane="ed0305_0" slope="0.00"/>
        <vehicle id="CarGreen01" x="78.76" y="1.60" angle="270.00" type="CarGreen" speed="8.94" pos="14.04" lane="ed0201_0" slope="0.00"/>
        <vehicle id="CarOrange01" x="-1.60" y="69.59" angle="180.00" type="CarOrange" speed="13.59" pos="18.69" lane="ed0401_0" slope="0.00"/>
        <vehicle id="CarRed01" x="16.94" y="80.80" angle="135.00" type="CarRed" speed="8.73" pos="13.83" lane="ed0405_0" slope="0.00"/>
        <vehicle id="CarWhite01" x="101.60" y="74.47" angle="0.00" type="CarWhite" speed="12.17" pos="17.27" lane="ed0803_0" slope="0.00"/>
        <vehicle id="CarYellow01" x="72.70" y="101.60" angle="270.00" type="CarYellow" speed="10.48" pos="15.58" lane="ed0304_0" slope="0.00"/>
    </timestep>
    <timestep time="3.00">
        <vehicle id="CarBlack01" x="139.72" y="-1.60" angle="90.00" type="CarBlack" speed="13.85" pos="32.52" lane="ed0206_0" slope="0.00"/>
        <vehicle id="CarBlue01" x="32.23" y="-1.60" angle="90.00" type="CarBlue" speed="7.70" pos="20.50" lane="ed0102_0" slope="0.00"/>
        <vehicle id="CarGray1" x="72.52" y="74.78" angle="225.00" type="CarGray" speed="10.65" pos="25.55" lane="ed0305_0" slope="0.00"/>
        <vehicle id="CarGreen01" x="70.04" y="1.60" angle="270.00" type="CarGreen" speed="8.72" pos="22.76" lane="ed0201_0" slope="0.00"/>
        <vehicle id="CarOrange01" x="-1.60" y="58.84" angle="180.00" type="CarOrange" speed="10.75" pos="29.44" lane="ed0401_0" slope="0.00"/>
        <vehicle id="CarRed01" x="23.98" y="73.76" angle="135.00" type="CarRed" speed="9.96" pos="23.79" lane="ed0405_0" slope="0.00"/>
        <vehicle id="CarWhite01" x="101.60" y="86.64" angle="0.00" type="CarWhite" speed="12.17" pos="29.44" lane="ed0803_0" slope="0.00"/>
        <vehicle id="CarYellow01" x="63.48" y="101.60" angle="270.00" type="CarYellow" speed="9.22" pos="24.79" lane="ed0304_0" slope="0.00"/>
    </timestep>
    <timestep time="4.00">
        <vehicle id="CarBlack01" x="145.66" y="-1.60" angle="90.00" type="CarBlack" speed="5.94" pos="38.46" lane="ed0206_0" slope="0.00"/>
        <vehicle id="CarBlue01" x="39.94" y="-1.60" angle="90.00" type="CarBlue" speed="7.70" pos="28.21" lane="ed0102_0" slope="0.00"/>
        <vehicle id="CarGray1" x="62.92" y="65.18" angle="225.00" type="CarGray" speed="13.57" pos="39.11" lane="ed0305_0" slope="0.00"/>
        <vehicle id="CarGreen01" x="62.23" y="1.60" angle="270.00" type="CarGreen" speed="7.81" pos="30.57" lane="ed0201_0" slope="0.00"/>
        <vehicle id="CarOrange01" x="-1.60" y="48.51" angle="180.00" type="CarOrange" speed="10.33" pos="39.76" lane="ed0401_0" slope="0.00"/>
        <vehicle id="CarRed01" x="32.29" y="65.45" angle="135.00" type="CarRed" speed="11.76" pos="35.54" lane="ed0405_0" slope="0.00"/>
        <vehicle id="CarWhite01" x="98.37" y="98.10" angle="330.59" type="CarWhite" speed="12.17" pos="10.54" lane=":nod03_0_0" slope="0.00"/>
        <vehicle id="CarYellow01" x="54.34" y="101.60" angle="270.00" type="CarYellow" speed="9.14" pos="33.94" lane="ed0304_0" slope="0.00"/>
    </timestep>
    <timestep time="5.00">
        <vehicle id="CarBlack01" x="149.00" y="-1.24" angle="85.82" type="CarBlack" speed="3.38" pos="2.24" lane=":nod06_2_0" slope="0.00"/>
        <vehicle id="CarBlue01" x="47.64" y="-1.60" angle="90.00" type="CarBlue" speed="7.70" pos="35.91" lane="ed0102_0" slope="0.00"/>
        <vehicle id="CarGray1" x="58.73" y="60.99" angle="225.00" type="CarGray" speed="5.93" pos="45.04" lane="ed0305_0" slope="0.00"/>
        <vehicle id="CarGreen01" x="54.07" y="1.60" angle="270.00" type="CarGreen" speed="8.17" pos="38.73" lane="ed0201_0" slope="0.00"/>
        <vehicle id="CarOrange01" x="-1.60" y="36.27" angle="180.00" type="CarOrange" speed="12.25" pos="52.01" lane="ed0401_0" slope="0.00"/>
        <vehicle id="CarRed01" x="41.95" y="55.79" angle="135.00" type="CarRed" speed="13.66" pos="49.21" lane="ed0405_0" slope="0.00"/>
        <vehicle id="CarWhite01" x="87.05" y="101.60" angle="276.12" type="CarWhite" speed="12.17" pos="1.22" lane="ed0304_0" slope="0.00"/>
        <vehicle id="CarYellow01" x="43.20" y="101.60" angle="270.00" type="CarYellow" speed="11.14" pos="45.07" lane="ed0304_0" slope="0.00"/>
    </timestep>
    <timestep time="6.00">
        <vehicle id="CarBlack01" x="151.60" y="3.40" angle="25.01" type="CarBlack" speed="5.70" pos="0.20" lane="ed0607_0" slope="0.00"/>
        <vehicle id="CarBlue01" x="55.34" y="-1.60" angle="90.00" type="CarBlue" speed="7.70" pos="43.61" lane="ed0102_0" slope="0.00"/>
        <vehicle id="CarGray1" x="55.50" y="57.34" angle="221.60" type="CarGray" speed="4.88" pos="2.66" lane=":nod05_2_0" slope="0.00"/>
        <vehicle id="CarGreen01" x="41.28" y="1.60" angle="270.00" type="CarGreen" speed="12.79" pos="51.52" lane="ed0201_0" slope="0.00"/>
        <vehicle id="CarOrange01" x="-1.60" y="24.68" angle="180.00" type="CarOrange" speed="11.59" pos="63.60" lane="ed0401_0" slope="0.00"/>
        <vehicle id="CarRed01" x="43.60" y="54.14" angle="135.00" type="CarRed" speed="2.32" pos="51.53" lane="ed0405_0" slope="0.00"/>
        <vehicle id="CarWhite01" x="74.88" y="101.60" angle="270.00" type="CarWhite" speed="12.17" pos="13.40" lane="ed0304_0" slope="0.00"/>
        <vehicle id="CarYellow01" x="35.96" y="101.60" angle="270.00" type="CarYellow" speed="7.25" pos="52.32" lane="ed0304_0" slope="0.00"/>
    </timestep>
    <timestep time="7.00">
        <vehicle id="CarBlack01" x="151.60" y="11.65" angle="0.00" type="CarBlack" speed="8.25" pos="8.45" lane="ed0607_0" slope="0.00"/>
        <vehicle id="CarBlue01" x="63.04" y="-1.60" angle="90.00" type="CarBlue" speed="7.70" pos="51.31" lane="ed0102_0" slope="0.00"/>
        <vehicle id="CarGray1" x="53.18" y="53.77" angle="213.70" type="CarGray" speed="4.35" pos="7.01" lane=":nod05_2_0" slope="0.00"/>
        <vehicle id="CarGreen01" x="34.09" y="1.60" angle="270.00" type="CarGreen" speed="7.19" pos="58.71" lane="ed0201_0" slope="0.00"/>
        <vehicle id="CarOrange01" x="-1.60" y="12.82" angle="180.00" type="CarOrange" speed="11.86" pos="75.46" lane="ed0401_0" slope="0.00"/>
        <vehicle id="CarRed01" x="43.68" y="54.06" angle="135.00" type="CarRed" speed="0.11" pos="51.64" lane="ed0405_0" slope="0.00"/>
        <vehicle id="CarWhite01" x="62.71" y="101.60" angle="270.00" type="CarWhite" speed="12.17" pos="25.57" lane="ed0304_0" slope="0.00"/>
        <vehicle id="CarYellow01" x="23.90" y="101.60" angle="270.00" type="CarYellow" speed="12.06" pos="64.37" lane="ed0304_0" slope="0.00"/>
    </timestep>
    <timestep time="8.00">
        <vehicle id="CarBlack01" x="151.60" y="23.41" angle="0.00" type="CarBlack" speed="11.75" pos="20.21" lane="ed0607_0" slope="0.00"/>
        <vehicle id="CarBlue01" x="70.74" y="-1.60" angle="90.00" type="CarBlue" speed="7.70" pos="59.01" lane="ed0102_0" slope="0.00"/>
        <vehicle id="CarGray1" x="53.77" y="50.44" angle="176.46" type="CarGray" speed="3.86" pos="3.16" lane=":nod05_16_0" slope="0.00"/>
        <vehicle id="CarGreen01" x="24.84" y="1.60" angle="270.00" type="CarGreen" speed="9.25" pos="67.96" lane="ed0201_0" slope="0.00"/>
        <vehicle id="CarOrange01" x="-0.92" y="10.71" angle="171.89" type="CarOrange" speed="2.32" pos="1.23" lane=":nod01_2_0" slope="0.00"/>
        <vehicle id="CarRed01" x="43.69" y="54.05" angle="135.00" type="CarRed" speed="0.02" pos="51.67" lane="ed0405_0" slope="0.00"/>
        <vehicle id="CarWhite01" x="50.54" y="101.60" angle="270.00" type="CarWhite" speed="12.17" pos="37.74" lane="ed0304_0" slope="0.00"/>
        <vehicle id="CarYellow01" x="16.09" y="101.60" angle="270.00" type="CarYellow" speed="7.82" pos="72.19" lane="ed0304_0" slope="0.00"/>
    </timestep>
    <timestep time="9.00">
        <vehicle id="CarBlack01" x="151.60" y="32.84" angle="0.00" type="CarBlack" speed="9.43" pos="29.64" lane="ed0607_0" slope="0.00"/>
        <vehicle id="CarBlue01" x="78.45" y="-1.60" angle="90.00" type="CarBlue" speed="7.70" pos="66.72" lane="ed0102_0" slope="0.00"/>
        <vehicle id="CarGray1" x="60.61" y="48.53" angle="96.41" type="CarGray" speed="7.32" pos="10.48" lane=":nod05_16_0" slope="0.00"/>
        <vehicle id="CarGreen01" x="15.53" y="1.60" angle="270.00" type="CarGreen" speed="9.31" pos="77.27" lane="ed0201_0" slope="0.00"/>
        <vehicle id="CarOrange01" x="0.02" y="10.14" angle="158.98" type="CarOrange" speed="1.13" pos="2.37" lane=":nod01_2_0" slope="0.00"/>
        <vehicle id="CarRed01" x="43.71" y="54.03" angle="135.00" type="CarRed" speed="0.02" pos="51.69" lane="ed0405_0" slope="0.00"/>
        <vehicle id="CarWhite01" x="38.37" y="101.60" angle="270.00" type="CarWhite" speed="12.17" pos="49.91" lane="ed0304_0" slope="0.00"/>
        <vehicle id="CarYellow01" x="7.22" y="100.96" angle="262.62" type="CarYellow" speed="8.91" pos="4.55" lane=":nod04_0_0" slope="0.00"/>
    </timestep>
    <timestep time="10.00">
        <vehicle id="CarBlack01" x="151.60" y="45.49" angle="0.00" type="CarBlack" speed="12.65" pos="42.29" lane="ed0607_0" slope="0.00"/>
        <vehicle id="CarBlue01" x="86.15" y="-1.60" angle="90.00" type="CarBlue" speed="7.70" pos="74.42" lane="ed0102_0" slope="0.00"/>
        <vehicle id="CarGray1" x="66.86" y="48.40" angle="90.00" type="CarGray" speed="6.26" pos="5.13" lane="ed0508_0" slope="0.00"/>
        <vehicle id="CarGreen01" x="9.35" y="1.94" angle="273.89" type="CarGreen" speed="6.21" pos="2.40" lane=":nod01_7_0" slope="0.00"/>
        <vehicle id="CarOrange01" x="0.07" y="10.16" angle="158.16" type="CarOrange" speed="0.05" pos="2.41" lane=":nod01_2_0" slope="0.00"/>
        <vehicle id="CarRed01" x="54.24" y="49.11" angle="105.82" type="CarRed" speed="11.81" pos="11.71" lane=":nod05_13_0" slope="0.00"/>
        <vehicle id="CarWhite01" x="26.20" y="101.60" angle="270.00" type="CarWhite" speed="12.17" pos="62.08" lane="ed0304_0" slope="0.00"/>
        <vehicle id="CarYellow01" x="0.76" y="96.65" angle="228.50" type="CarYellow" speed="8.08" pos="12.63" lane=":nod04_0_0" slope="0.00"/>
    </timestep>
    <timestep time="11.00">
        <vehicle id="CarBlack01" x="150.17" y="50.54" angle="342.74" type="CarBlack" speed="5.45" pos="4.14" lane=":nod07_0_0" slope="0.00"/>
        <vehicle id="CarBlue01" x="93.85" y="-1.60" angle="90.00" type="CarBlue" speed="7.70" pos="1.05" lane=":nod02_6_0" slope="0.00"/>
        <vehicle id="CarGray1" x="78.31" y="48.40" angle="90.00" type="CarGray" speed="11.45" pos="16.58" lane="ed0508_0" slope="0.00"/>
        <vehicle id="CarGreen01" x="2.88" y="6.22" angle="314.63" type="CarGreen" speed="8.20" pos="10.60" lane=":nod01_7_0" slope="0.00"/>
        <vehicle id="CarOrange01" x="0.10" y="10.18" angle="157.42" type="CarOrange" speed="0.04" pos="2.45" lane=":nod01_2_0" slope="0.00"/>
        <vehicle id="CarRed01" x="58.46" y="48.60" angle="97.69" type="CarRed" speed="4.26" pos="15.97" lane=":nod05_13_0" slope="0.00"/>
        <vehicle id="CarWhite01" x="14.03" y="101.60" angle="270.00" type="CarWhite" speed="12.17" pos="74.25" lane="ed0304_0" slope="0.00"/>
        <vehicle id="CarYellow01" x="-1.60" y="87.62" angle="187.06" type="CarYellow" speed="9.50" pos="0.65" lane="ed0401_0" slope="0.00"/>
    </timestep>
    <timestep time="12.00">
        <vehicle id="CarBlack01" x="145.88" y="51.60" angle="286.62" type="CarBlack" speed="4.52" pos="0.92" lane="ed0708_0" slope="0.00"/>
        <vehicle id="CarBlue01" x="105.03" y="-1.60" angle="90.00" type="CarBlue" speed="11.18" pos="12.23" lane=":nod02_6_0" slope="0.00"/>
        <vehicle id="CarGray1" x="87.65" y="48.40" angle="90.00" type="CarGray" speed="9.34" pos="25.92" lane="ed0508_0" slope="0.00"/>
        <vehicle id="CarGreen01" x="1.61" y="11.64" angle="349.14" type="CarGreen" speed="5.64" pos="16.24" lane=":nod01_7_0" slope="0.00"/>
        <vehicle id="CarOrange01" x="0.11" y="10.18" angle="157.35" type="CarOrange" speed="0.00" pos="2.46" lane=":nod01_2_0" slope="0.00"/>
        <vehicle id="CarRed01" x="69.38" y="48.40" angle="90.00" type="CarRed" speed="10.92" pos="7.65" lane="ed0508_0" slope="0.00"/>
        <vehicle id="CarWhite01" x="2.48" y="98.72" angle="243.63" type="CarWhite" speed="12.17" pos="9.87" lane=":nod04_0_0" slope="0.00"/>
        <vehicle id="CarYellow01" x="-1.60" y="79.47" angle="180.00" type="CarYellow" speed="8.16" pos="8.80" lane="ed0401_0" slope="0.00"/>
    </timestep>
    <timestep time="13.00">
        <vehicle id="CarBlack01" x="138.07" y="51.60" angle="270.00" type="CarBlack" speed="7.81" pos="8.73" lane="ed0708_0" slope="0.00"/>
        <vehicle id="CarBlue01" x="118.76" y="-1.60" angle="90.00" type="CarBlue" speed="13.72" pos="11.56" lane="ed0206_0" slope="0.00"/>
        <vehicle id="CarGray1" x="91.04" y="48.40" angle="90.00" type="CarGray" speed="3.39" pos="29.31" lane="ed0508_0" slope="0.00"/>
        <vehicle id="CarGreen01" x="1.60" y="18.40" angle="0.00" type="CarGreen" speed="6.76" pos="6.67" lane="ed0104_0" slope="0.00"/>
        <vehicle id="CarOrange01" x="0.11" y="10.18" angle="157.35" type="CarOrange" speed="0.00" pos="2.46" lane=":nod01_2_0" slope="0.00"/>
        <vehicle id="CarRed01" x="75.66" y="48.40" angle="90.00" type="CarRed" speed="6.28" pos="13.93" lane="ed0508_0" slope="0.00"/>
        <vehicle id="CarWhite01" x="-1.60" y="87.72" angle="187.21" type="CarWhite" speed="12.17" pos="0.55" lane="ed0401_0" slope="0.00"/>
        <vehicle id="CarYellow01" x="-1.60" y="67.68" angle="180.00" type="CarYellow" speed="11.79" pos="20.59" lane="ed0401_0" slope="0.00"/>
    </timestep>
    <timestep time="14.00">
        <vehicle id="CarBlack01" x="127.35" y="51.60" angle="270.00" type="CarBlack" speed="10.72" pos="19.45" lane="ed0708_0" slope="0.00"/>
        <vehicle id="CarBlue01" x="132.48" y="-1.60" angle="90.00" type="CarBlue" speed="13.72" pos="25.28" lane="ed0206_0" slope="0.00"/>
        <vehicle id="CarGray1" x="91.45" y="48.40" angle="90.00" type="CarGray" speed="0.41" pos="29.72" lane="ed0508_0" slope="0.00"/>
        <vehicle id="CarGreen01" x="1.60" y="26.22" angle="0.00" type="CarGreen" speed="7.82" pos="14.49" lane="ed0104_0" slope="0.00"/>
        <vehicle id="CarOrange01" x="1.47" y="11.54" angle="103.69" type="CarOrange" speed="1.99" pos="1.89" lane=":nod01_10_0" slope="0.00"/>
        <vehicle id="CarRed01" x="82.73" y="48.40" angle="90.00" type="CarRed" speed="7.07" pos="21.00" lane="ed0508_0" slope="0.00"/>
        <vehicle id="CarWhite01" x="-1.60" y="75.55" angle="180.00" type="CarWhite" speed="12.17" pos="12.72" lane="ed0401_0" slope="0.00"/>
        <vehicle id="CarYellow01" x="-1.60" y="56.75" angle="180.00" type="CarYellow" speed="10.94" pos="31.53" lane="ed0401_0" slope="0.00"/>
    </timestep>
    <timestep time="15.00">
        <vehicle id="CarBlack01" x="118.32" y="51.60" angle="270.00" type="CarBlack" speed="9.03" pos="28.48" lane="ed0708_0" slope="0.00"/>
        <vehicle id="CarBlue01" x="146.21" y="-1.60" angle="90.00" type="CarBlue" speed="13.72" pos="39.01" lane="ed0206_0" slope="0.00"/>
        <vehicle id="CarGray1" x="91.63" y="48.40" angle="90.00" type="CarGray" speed="0.18" pos="29.90" lane="ed0508_0" slope="0.00"/>
        <vehicle id="CarGreen01" x="1.60" y="39.40" angle="0.00" type="CarGreen" speed="13.18" pos="27.68" lane="ed0104_0" slope="0.00"/>
        <vehicle id="CarOrange01" x="1.60" y="13.94" angle="29.05" type="CarOrange" speed="2.44" pos="2.21" lane="ed0104_0" slope="0.00"/>
        <vehicle id="CarRed01" x="85.04" y="48.40" angle="90.00" type="CarRed" speed="2.32" pos="23.31" lane="ed0508_0" slope="0.00"/>
        <vehicle id="CarWhite01" x="-1.60" y="63.38" angle="180.00" type="CarWhite" speed="12.17" pos="24.90" lane="ed0401_0" slope="0.00"/>
        <vehicle id="CarYellow01" x="-1.60" y="45.71" angle="180.00" type="CarYellow" speed="11.04" pos="42.56" lane="ed0401_0" slope="0.00"/>
    </timestep>
    <timestep time="16.00">
        <vehicle id="CarBlack01" x="111.81" y="51.60" angle="270.00" type="CarBlack" speed="6.51" pos="34.99" lane="ed0708_0" slope="0.00"/>
        <vehicle id="CarBlue01" x="151.60" y="8.59" angle="0.00" type="CarBlue" speed="13.72" pos="5.39" lane="ed0607_0" slope="0.00"/>
        <vehicle id="CarGray1" x="91.73" y="48.40" angle="90.00" type="CarGray" speed="0.10" pos="30.00" lane="ed0508_0" slope="0.00"/>
        <vehicle id="CarGreen01" x="1.60" y="52.31" angle="0.00" type="CarGreen" speed="12.91" pos="40.59" lane="ed0104_0" slope="0.00"/>
        <vehicle id="CarOrange01" x="1.60" y="21.70" angle="0.00" type="CarOrange" speed="7.76" pos="9.97" lane="ed0104_0" slope="0.00"/>
        <vehicle id="CarRed01" x="85.55" y="48.40" angle="90.00" type="CarRed" speed="0.50" pos="23.82" lane="ed0508_0" slope="0.00"/>
        <vehicle id="CarWhite01" x="-1.60" y="51.21" angle="180.00" type="CarWhite" speed="12.17" pos="37.07" lane="ed0401_0" slope="0.00"/>
        <vehicle id="CarYellow01" x="-1.60" y="36.77" angle="180.00" type="CarYellow" speed="8.94" pos="51.51" lane="ed0401_0" slope="0.00"/>
    </timestep>
    <timestep time="17.00">
        <vehicle id="CarBlack01" x="109.97" y="51.60" angle="270.00" type="CarBlack" speed="1.84" pos="36.83" lane="ed0708_0" slope="0.00"/>
        <vehicle id="CarBlue01" x="151.60" y="22.31" angle="0.00" type="CarBlue" speed="13.72" pos="19.11" lane="ed0607_0" slope="0.00"/>
        <vehicle id="CarGray1" x="91.78" y="48.40" angle="90.00" type="CarGray" speed="0.05" pos="30.05" lane="ed0508_0" slope="0.00"/>
        <vehicle id="CarGreen01" x="1.60" y="60.33" angle="0.00" type="CarGreen" speed="8.02" pos="48.61" lane="ed0104_0" slope="0.00"/>
        <vehicle id="CarOrange01" x="1.60" y="34.52" angle="0.00" type="CarOrange" speed="12.82" pos="22.80" lane="ed0104_0" slope="0.00"/>
        <vehicle id="CarRed01" x="85.73" y="48.40" angle="90.00" type="CarRed" speed="0.18" pos="24.00" lane="ed0508_0" slope="0.00"/>
        <vehicle id="CarWhite01" x="-1.60" y="39.04" angle="180.00" type="CarWhite" speed="12.17" pos="49.24" lane="ed0401_0" slope="0.00"/>
        <vehicle id="CarYellow01" x="-1.60" y="25.59" angle="180.00" type="CarYellow" speed="11.18" pos="62.68" lane="ed0401_0" slope="0.00"/>
    </timestep>
    <timestep time="18.00">
        <vehicle id="CarBlack01" x="108.45" y="51.60" angle="270.00" type="CarBlack" speed="1.52" pos="38.35" lane="ed0708_0" slope="0.00"/>
        <vehicle id="CarBlue01" x="151.60" y="36.04" angle="0.00" type="CarBlue" speed="13.72" pos="32.84" lane="ed0607_0" slope="0.00"/>
        <vehicle id="CarGray1" x="91.80" y="48.40" angle="90.00" type="CarGray" speed="0.01" pos="30.07" lane="ed0508_0" slope="0.00"/>
        <vehicle id="CarGreen01" x="1.60" y="71.58" angle="0.00" type="CarGreen" speed="11.25" pos="59.86" lane="ed0104_0" slope="0.00"/>
        <vehicle id="CarOrange01" x="1.60" y="43.68" angle="0.00" type="CarOrange" speed="9.16" pos="31.96" lane="ed0104_0" slope="0.00"/>
        <vehicle id="CarRed01" x="85.76" y="48.40" angle="90.00" type="CarRed" speed="0.04" pos="24.03" lane="ed0508_0" slope="0.00"/>
        <vehicle id="CarWhite01" x="-1.60" y="26.87" angle="180.00" type="CarWhite" speed="12.17" pos="61.41" lane="ed0401_0" slope="0.00"/>
        <vehicle id="CarYellow01" x="-1.60" y="14.72" angle="180.00" type="CarYellow" speed="10.88" pos="73.56" lane="ed0401_0" slope="0.00"/>
    </timestep>
    <timestep time="19.00">
        <vehicle id="CarBlack01" x="108.30" y="51.60" angle="270.00" type="CarBlack" speed="0.14" pos="38.50" lane="ed0708_0" slope="0.00"/>
        <vehicle id="CarBlue01" x="150.87" y="49.62" angle="351.42" type="CarBlue" speed="13.72" pos="2.96" lane=":nod07_0_0" slope="0.00"/>
        <vehicle id="CarGray1" x="91.80" y="48.40" angle="90.00" type="CarGray" speed="0.00" pos="30.07" lane="ed0508_0" slope="0.00"/>
        <vehicle id="CarGreen01" x="1.60" y="78.91" angle="0.00" type="CarGreen" speed="7.33" pos="67.19" lane="ed0104_0" slope="0.00"/>
        <vehicle id="CarOrange01" x="1.60" y="53.76" angle="0.00" type="CarOrange" speed="10.08" pos="42.03" lane="ed0104_0" slope="0.00"/>
        <vehicle id="CarRed01" x="85.79" y="48.40" angle="90.00" type="CarRed" speed="0.03" pos="24.06" lane="ed0508_0" slope="0.00"/>
        <vehicle id="CarWhite01" x="-1.60" y="14.70" angle="180.00" type="CarWhite" speed="12.17" pos="73.58" lane="ed0401_0" slope="0.00"/>
        <vehicle id="CarYellow01" x="-1.46" y="10.48" angle="178.39" type="CarYellow" speed="4.24" pos="1.26" lane=":nod01_1_0" slope="0.00"/>
    </timestep>
    <timestep time="20.00">
        <vehicle id="CarBlack01" x="108.25" y="51.60" angle="270.00" type="CarBlack" speed="0.06" pos="38.55" lane="ed0708_0" slope="0.00"/>
        <vehicle id="CarBlue01" x="137.85" y="51.60" angle="270.00" type="CarBlue" speed="13.72" pos="8.95" lane="ed0708_0" slope="0.00"/>
        <vehicle id="CarGray1" x="91.80" y="48.40" angle="90.00" type="CarGray" speed="0.00" pos="30.07" lane="ed0508_0" slope="0.00"/>
        <vehicle id="CarGreen01" x="1.60" y="87.49" angle="0.00" type="CarGreen" speed="8.58" pos="75.77" lane="ed0104_0" slope="0.00"/>
        <vehicle id="CarOrange01" x="1.60" y="65.24" angle="0.00" type="CarOrange" speed="11.49" pos="53.52" lane="ed0104_0" slope="0.00"/>
        <vehicle id="CarRed01" x="85.80" y="48.40" angle="90.00" type="CarRed" speed="0.00" pos="24.07" lane="ed0508_0" slope="0.00"/>
        <vehicle id="CarWhite01" x="-1.60" y="11.73" angle="180.00" type="CarWhite" speed="0.00" pos="76.55" lane="ed0401_0" slope="0.00"/>
        <vehicle id="CarYellow01" x="-1.46" y="10.48" angle="178.39" type="CarYellow" speed="0.00" pos="1.26" lane=":nod01_1_0" slope="0.00"/>
    </timestep>
    <timestep time="21.00">
        <vehicle id="CarBlack01" x="108.22" y="51.60" angle="270.00" type="CarBlack" speed="0.02" pos="38.58" lane="ed0708_0" slope="0.00"/>
        <vehicle id="CarBlue01" x="124.04" y="51.60" angle="270.00" type="CarBlue" speed="13.81" pos="22.76" lane="ed0708_0" slope="0.00"/>
        <vehicle id="CarGray1" x="91.80" y="48.40" angle="90.00" type="CarGray" speed="0.00" pos="30.07" lane="ed0508_0" slope="0.00"/>
        <vehicle id="CarGreen01" x="2.85" y="93.74" angle="13.55" type="CarGreen" speed="6.46" pos="5.68" lane=":nod04_7_0" slope="0.00"/>
        <vehicle id="CarOrange01" x="1.60" y="72.82" angle="0.00" type="CarOrange" speed="7.58" pos="61.10" lane="ed0104_0" slope="0.00"/>
        <vehicle id="CarRed01" x="85.80" y="48.40" angle="90.00" type="CarRed" speed="0.00" pos="24.07" lane="ed0508_0" slope="0.00"/>
        <vehicle id="CarWhite01" x="-1.60" y="11.73" angle="180.00" type="CarWhite" speed="0.00" pos="76.55" lane="ed0401_0" slope="0.00"/>
        <vehicle id="CarYellow01" x="-1.46" y="10.48" angle="178.39" type="CarYellow" speed="0.00" pos="1.26" lane=":nod01_1_0" slope="0.00"/>
    </timestep>
    <timestep time="22.00">
        <vehicle id="CarBlack01" x="108.21" y="51.60" angle="270.00" type="CarBlack" speed="0.02" pos="38.59" lane="ed0708_0" slope="0.00"/>
        <vehicle id="CarBlue01" x="110.23" y="51.60" angle="270.00" type="CarBlue" speed="13.81" pos="36.57" lane="ed0708_0" slope="0.00"/>
        <vehicle id="CarGray1" x="91.80" y="48.40" angle="90.00" type="CarGray" speed="0.00" pos="30.07" lane="ed0508_0" slope="0.00"/>
        <vehicle id="CarGreen01" x="6.45" y="97.26" angle="46.18" type="CarGreen" speed="5.19" pos="10.87" lane=":nod04_7_0" slope="0.00"/>
        <vehicle id="CarOrange01" x="1.60" y="83.32" angle="0.00" type="CarOrange" speed="10.50" pos="71.60" lane="ed0104_0" slope="0.00"/>
        <vehicle id="CarRed01" x="85.80" y="48.40" angle="90.00" type="CarRed" speed="0.00" pos="24.07" lane="ed0508_0" slope="0.00"/>
        <vehicle id="CarWhite01" x="-1.60" y="11.73" angle="180.00" type="CarWhite" speed="0.00" pos="76.55" lane="ed0401_0" slope="0.00"/>
        <vehicle id="CarYellow01" x="-1.46" y="10.48" angle="178.39" type="CarYellow" speed="0.00" pos="1.26" lane=":nod01_1_0" slope="0.00"/>
    </timestep>
    <timestep time="23.00">
        <vehicle id="CarBlack01" x="108.21" y="51.60" angle="270.00" type="CarBlack" speed="0.00" pos="38.59" lane="ed0708_0" slope="0.00"/>
        <vehicle id="CarBlue01" x="107.20" y="51.60" angle="270.00" type="CarBlue" speed="0.00" pos="39.60" lane="ed0708_0" slope="0.00"/>
        <vehicle id="CarGray1" x="91.80" y="48.40" angle="90.00" type="CarGray" speed="0.00" pos="30.07" lane="ed0508_0" slope="0.00"/>
        <vehicle id="CarGreen01" x="11.72" y="98.40" angle="79.51" type="CarGreen" speed="5.45" pos="16.32" lane=":nod04_7_0" slope="0.00"/>
        <vehicle id="CarOrange01" x="1.84" y="89.94" angle="2.73" type="CarOrange" speed="6.63" pos="1.69" lane=":nod04_7_0" slope="0.00"/>
        <vehicle id="CarRed01" x="85.80" y="48.40" angle="90.00" type="CarRed" speed="0.00" pos="24.07" lane="ed0508_0" slope="0.00"/>
        <vehicle id="CarWhite01" x="-1.60" y="11.73" angle="180.00" type="CarWhite" speed="0.00" pos="76.55" lane="ed0401_0" slope="0.00"/>
        <vehicle id="CarYellow01" x="-1.46" y="10.48" angle="178.39" type="CarYellow" speed="0.00" pos="1.26" lane=":nod01_1_0" slope="0.00"/>
    </timestep>
    <timestep time="24.00">
        <vehicle id="CarBlack01" x="108.21" y="51.60" angle="270.00" type="CarBlack" speed="0.00" pos="38.59" lane="ed0708_0" slope="0.00"/>
        <vehicle id="CarBlue01" x="107.20" y="51.60" angle="270.00" type="CarBlue" speed="0.00" pos="39.60" lane="ed0708_0" slope="0.00"/>
        <vehicle id="CarGray1" x="91.80" y="48.40" angle="90.00" type="CarGray" speed="0.00" pos="30.07" lane="ed0508_0" slope="0.00"/>
        <vehicle id="CarGreen01" x="16.89" y="98.40" angle="90.00" type="CarGreen" speed="5.17" pos="5.16" lane="ed0403_0" slope="0.00"/>
        <vehicle id="CarOrange01" x="5.48" y="96.68" angle="39.68" type="CarOrange" speed="8.05" pos="9.74" lane=":nod04_7_0" slope="0.00"/>
        <vehicle id="CarRed01" x="85.80" y="48.40" angle="90.00" type="CarRed" speed="0.00" pos="24.07" lane="ed0508_0" slope="0.00"/>
        <vehicle id="CarWhite01" x="-1.60" y="11.73" angle="180.00" type="CarWhite" speed="0.00" pos="76.55" lane="ed0401_0" slope="0.00"/>
        <vehicle id="CarYellow01" x="-1.46" y="10.48" angle="178.39" type="CarYellow" speed="0.00" pos="1.26" lane=":nod01_1_0" slope="0.00"/>
    </timestep>
    <timestep time="25.00">
        <vehicle id="CarBlack01" x="108.21" y="51.60" angle="270.00" type="CarBlack" speed="0.00" pos="38.59" lane="ed0708_0" slope="0.00"/>
        <vehicle id="CarBlue01" x="107.20" y="51.60" angle="270.00" type="CarBlue" speed="0.00" pos="39.60" lane="ed0708_0" slope="0.00"/>
        <vehicle id="CarGray1" x="91.80" y="48.40" angle="90.00" type="CarGray" speed="0.00" pos="30.07" lane="ed0508_0" slope="0.00"/>
        <vehicle id="CarGreen01" x="24.87" y="98.40" angle="90.00" type="CarGreen" speed="7.98" pos="13.14" lane="ed0403_0" slope="0.00"/>
        <vehicle id="CarOrange01" x="10.18" y="98.18" angle="72.39" type="CarOrange" speed="5.03" pos="14.77" lane=":nod04_7_0" slope="0.00"/>
        <vehicle id="CarRed01" x="85.80" y="48.40" angle="90.00" type="CarRed" speed="0.00" pos="24.07" lane="ed0508_0" slope="0.00"/>
        <vehicle id="CarWhite01" x="-1.60" y="11.73" angle="180.00" type="CarWhite" speed="0.00" pos="76.55" lane="ed0401_0" slope="0.00"/>
        <vehicle id="CarYellow01" x="-1.46" y="10.48" angle="178.39" type="CarYellow" speed="0.00" pos="1.26" lane=":nod01_1_0" slope="0.00"/>
    </timestep>
    <timestep time="26.00">
        <vehicle id="CarBlack01" x="108.21" y="51.60" angle="270.00" type="CarBlack" speed="0.00" pos="38.59" lane="ed0708_0" slope="0.00"/>
        <vehicle id="CarBlue01" x="107.20" y="51.60" angle="270.00" type="CarBlue" speed="0.00" pos="39.60" lane="ed0708_0" slope="0.00"/>
        <vehicle id="CarGray1" x="91.80" y="48.40" angle="90.00" type="CarGray" speed="0.00" pos="30.07" lane="ed0508_0" slope="0.00"/>
        <vehicle id="CarGreen01" x="33.25" y="98.40" angle="90.00" type="CarGreen" speed="8.38" pos="21.53" lane="ed0403_0" slope="0.00"/>
        <vehicle id="CarOrange01" x="16.28" y="98.40" angle="89.28" type="CarOrange" speed="6.11" pos="4.55" lane="ed0403_0" slope="0.00"/>
        <vehicle id="CarRed01" x="85.80" y="48.40" angle="90.00" type="CarRed" speed="0.00" pos="24.07" lane="ed0508_0" slope="0.00"/>
        <vehicle id="CarWhite01" x="-1.60" y="11.73" angle="180.00" type="CarWhite" speed="0.00" pos="76.55" lane="ed0401_0" slope="0.00"/>
        <vehicle id="CarYellow01" x="-1.46" y="10.48" angle="178.39" type="CarYellow" speed="0.00" pos="1.26" lane=":nod01_1_0" slope="0.00"/>
    </timestep>
    <timestep time="27.00">
        <vehicle id="CarBlack01" x="108.21" y="51.60" angle="270.00" type="CarBlack" speed="0.00" pos="38.59" lane="ed0708_0" slope="0.00"/>
        <vehicle id="CarBlue01" x="107.20" y="51.60" angle="270.00" type="CarBlue" speed="0.00" pos="39.60" lane="ed0708_0" slope="0.00"/>
        <vehicle id="CarGray1" x="91.80" y="48.40" angle="90.00" type="CarGray" speed="0.00" pos="30.07" lane="ed0508_0" slope="0.00"/>
        <vehicle id="CarGreen01" x="42.52" y="98.40" angle="90.00" type="CarGreen" speed="9.26" pos="30.79" lane="ed0403_0" slope="0.00"/>
        <vehicle id="CarOrange01" x="26.60" y="98.40" angle="90.00" type="CarOrange" speed="10.32" pos="14.87" lane="ed0403_0" slope="0.00"/>
        <vehicle id="CarRed01" x="85.80" y="48.40" angle="90.00" type="CarRed" speed="0.00" pos="24.07" lane="ed0508_0" slope="0.00"/>
        <vehicle id="CarWhite01" x="-1.60" y="11.73" angle="180.00" type="CarWhite" speed="0.00" pos="76.55" lane="ed0401_0" slope="0.00"/>
        <vehicle id="CarYellow01" x="-1.46" y="10.48" angle="178.39" type="CarYellow" speed="0.00" pos="1.26" lane=":nod01_1_0" slope="0.00"/>
    </timestep>
    <timestep time="28.00">
        <vehicle id="CarBlack01" x="108.21" y="51.60" angle="270.00" type="CarBlack" speed="0.00" pos="38.59" lane="ed0708_0" slope="0.00"/>
        <vehicle id="CarBlue01" x="107.20" y="51.60" angle="270.00" type="CarBlue" speed="0.00" pos="39.60" lane="ed0708_0" slope="0.00"/>
        <vehicle id="CarGray1" x="91.80" y="48.40" angle="90.00" type="CarGray" speed="0.00" pos="30.07" lane="ed0508_0" slope="0.00"/>
        <vehicle id="CarGreen01" x="51.27" y="98.40" angle="90.00" type="CarGreen" speed="8.76" pos="39.55" lane="ed0403_0" slope="0.00"/>
        <vehicle id="CarOrange01" x="33.52" y="98.40" angle="90.00" type="CarOrange" speed="6.92" pos="21.79" lane="ed0403_0" slope="0.00"/>
        <vehicle id="CarRed01" x="85.80" y="48.40" angle="90.00" type="CarRed" speed="0.00" pos="24.07" lane="ed0508_0" slope="0.00"/>
        <vehicle id="CarWhite01" x="-1.60" y="11.73" angle="180.00" type="CarWhite" speed="0.00" pos="76.55" lane="ed0401_0" slope="0.00"/>
        <vehicle id="CarYellow01" x="-1.46" y="10.48" angle="178.39" type="CarYellow" speed="0.00" pos="1.26" lane=":nod01_1_0" slope="0.00"/>
    </timestep>
    <timestep time="29.00">
        <vehicle id="CarBlack01" x="108.21" y="51.60" angle="270.00" type="CarBlack" speed="0.00" pos="38.59" lane="ed0708_0" slope="0.00"/>
        <vehicle id="CarBlue01" x="107.20" y="51.60" angle="270.00" type="CarBlue" speed="0.00" pos="39.60" lane="ed0708_0" slope="0.00"/>
        <vehicle id="CarGray1" x="91.80" y="48.40" angle="90.00" type="CarGray" speed="0.00" pos="30.07" lane="ed0508_0" slope="0.00"/>
        <vehicle id="CarGreen01" x="61.14" y="98.40" angle="90.00" type="CarGreen" speed="9.87" pos="49.41" lane="ed0403_0" slope="0.00"/>
        <vehicle id="CarOrange01" x="43.92" y="98.40" angle="90.00" type="CarOrange" speed="10.40" pos="32.19" lane="ed0403_0" slope="0.00"/>
        <vehicle id="CarRed01" x="85.80" y="48.40" angle="90.00" type="CarRed" speed="0.00" pos="24.07" lane="ed0508_0" slope="0.00"/>
        <vehicle id="CarWhite01" x="-1.60" y="11.73" angle="180.00" type="CarWhite" speed="0.00" pos="76.55" lane="ed0401_0" slope="0.00"/>
        <vehicle id="CarYellow01" x="-1.46" y="10.48" angle="178.39" type="CarYellow" speed="0.00" pos="1.26" lane=":nod01_1_0" slope="0.00"/>
    </timestep>
    <timestep time="30.00">
        <vehicle id="CarBlack01" x="108.21" y="51.60" angle="270.00" type="CarBlack" speed="0.00" pos="38.59" lane="ed0708_0" slope="0.00"/>
        <vehicle id="CarBlue01" x="107.20" y="51.60" angle="270.00" type="CarBlue" speed="0.00" pos="39.60" lane="ed0708_0" slope="0.00"/>
        <vehicle id="CarGray1" x="91.80" y="48.40" angle="90.00" type="CarGray" speed="0.00" pos="30.07" lane="ed0508_0" slope="0.00"/>
        <vehicle id="CarGreen01" x="73.72" y="98.40" angle="90.00" type="CarGreen" speed="12.58" pos="62.00" lane="ed0403_0" slope="0.00"/>
        <vehicle id="CarOrange01" x="53.19" y="98.40" angle="90.00" type="CarOrange" speed="9.28" pos="41.47" lane="ed0403_0" slope="0.00"/>
        <vehicle id="CarRed01" x="85.80" y="48.40" angle="90.00" type="CarRed" speed="0.00" pos="24.07" lane="ed0508_0" slope="0.00"/>
        <vehicle id="CarWhite01" x="-1.60" y="11.73" angle="180.00" type="CarWhite" speed="0.00" pos="76.55" lane="ed0401_0" slope="0.00"/>
        <vehicle id="CarYellow01" x="-1.46" y="10.48" angle="178.39" type="CarYellow" speed="0.00" pos="1.26" lane=":nod01_1_0" slope="0.00"/>
    </timestep>
    <timestep time="31.00">
        <vehicle id="CarBlack01" x="108.21" y="51.60" angle="270.00" type="CarBlack" speed="0.00" pos="38.59" lane="ed0708_0" slope="0.00"/>
        <vehicle id="CarBlue01" x="107.20" y="51.60" angle="270.00" type="CarBlue" speed="0.00" pos="39.60" lane="ed0708_0" slope="0.00"/>
        <vehicle id="CarGray1" x="91.80" y="48.40" angle="90.00" type="CarGray" speed="0.00" pos="30.07" lane="ed0508_0" slope="0.00"/>
        <vehicle id="CarGreen01" x="81.10" y="98.40" angle="90.00" type="CarGreen" speed="7.38" pos="69.38" lane="ed0403_0" slope="0.00"/>
        <vehicle id="CarOrange01" x="64.54" y="98.40" angle="90.00" type="CarOrange" speed="11.35" pos="52.82" lane="ed0403_0" slope="0.00"/>
        <vehicle id="CarRed01" x="85.80" y="48.40" angle="90.00" type="CarRed" speed="0.00" pos="24.07" lane="ed0508_0" slope="0.00"/>
        <vehicle id="CarWhite01" x="-1.60" y="11.73" angle="180.00" type="CarWhite" speed="0.00" pos="76.55" lane="ed0401_0" slope="0.00"/>
        <vehicle id="CarYellow01" x="-1.46" y="10.48" angle="178.39" type="CarYellow" speed="0.00" pos="1.26" lane=":nod01_1_0" slope="0.00"/>
    </timestep>
    <timestep time="32.00">
        <vehicle id="CarBlack01" x="108.21" y="51.60" angle="270.00" type="CarBlack" speed="0.00" pos="38.59" lane="ed0708_0" slope="0.00"/>
        <vehicle id="CarBlue01" x="107.20" y="51.60" angle="270.00" type="CarBlue" speed="0.00" pos="39.60" lane="ed0708_0" slope="0.00"/>
        <vehicle id="CarGray1" x="91.80" y="48.40" angle="90.00" type="CarGray" speed="0.00" pos="30.07" lane="ed0508_0" slope="0.00"/>
        <vehicle id="CarGreen01" x="85.72" y="98.40" angle="90.00" type="CarGreen" speed="4.62" pos="74.00" lane="ed0403_0" slope="0.00"/>
        <vehicle id="CarOrange01" x="74.03" y="98.40" angle="90.00" type="CarOrange" speed="9.49" pos="62.31" lane="ed0403_0" slope="0.00"/>
        <vehicle id="CarRed01" x="85.80" y="48.40" angle="90.00" type="CarRed" speed="0.00" pos="24.07" lane="ed0508_0" slope="0.00"/>
        <vehicle id="CarWhite01" x="-1.60" y="11.73" angle="180.00" type="CarWhite" speed="0.00" pos="76.55" lane="ed0401_0" slope="0.00"/>
        <vehicle id="CarYellow01" x="-1.46" y="10.48" angle="178.39" type="CarYellow" speed="0.00" pos="1.26" lane=":nod01_1_0" slope="0.00"/>
    </timestep>
    <timestep time="33.00">
        <vehicle id="CarBlack01" x="108.21" y="51.60" angle="270.00" type="CarBlack" speed="0.00" pos="38.59" lane="ed0708_0" slope="0.00"/>
        <vehicle id="CarBlue01" x="107.20" y="51.60" angle="270.00" type="CarBlue" speed="0.00" pos="39.60" lane="ed0708_0" slope="0.00"/>
        <vehicle id="CarGray1" x="91.80" y="48.40" angle="90.00" type="CarGray" speed="0.00" pos="30.07" lane="ed0508_0" slope="0.00"/>
        <vehicle id="CarGreen01" x="92.06" y="97.86" angle="96.19" type="CarGreen" speed="6.38" pos="3.82" lane=":nod03_7_0" slope="0.00"/>
        <vehicle id="CarOrange01" x="78.36" y="98.40" angle="90.00" type="CarOrange" speed="4.33" pos="66.64" lane="ed0403_0" slope="0.00"/>
        <vehicle id="CarRed01" x="85.80" y="48.40" angle="90.00" type="CarRed" speed="0.00" pos="24.07" lane="ed0508_0" slope="0.00"/>
        <vehicle id="CarWhite01" x="-1.60" y="11.73" angle="180.00" type="CarWhite" speed="0.00" pos="76.55" lane="ed0401_0" slope="0.00"/>
        <vehicle id="CarYellow01" x="-1.46" y="10.48" angle="178.39" type="CarYellow" speed="0.00" pos="1.26" lane=":nod01_1_0" slope="0.00"/>
    </timestep>
    <timestep time="34.00">
        <vehicle id="CarBlack01" x="108.21" y="51.60" angle="270.00" type="CarBlack" speed="0.00" pos="38.59" lane="ed0708_0" slope="0.00"/>
        <vehicle id="CarBlue01" x="107.20" y="51.60" angle="270.00" type="CarBlue" speed="0.00" pos="39.60" lane="ed0708_0" slope="0.00"/>
        <vehicle id="CarGray1" x="91.80" y="48.40" angle="90.00" type="CarGray" speed="0.00" pos="30.07" lane="ed0508_0" slope="0.00"/>
        <vehicle id="CarGreen01" x="97.69" y="92.83" angle="140.96" type="CarGreen" speed="7.88" pos="11.71" lane=":nod03_7_0" slope="0.00"/>
        <vehicle id="CarOrange01" x="84.96" y="98.40" angle="90.00" type="CarOrange" speed="6.60" pos="73.24" lane="ed0403_0" slope="0.00"/>
        <vehicle id="CarRed01" x="85.80" y="48.40" angle="90.00" type="CarRed" speed="0.00" pos="24.07" lane="ed0508_0" slope="0.00"/>
        <vehicle id="CarWhite01" x="-1.60" y="11.73" angle="180.00" type="CarWhite" speed="0.00" pos="76.55" lane="ed0401_0" slope="0.00"/>
        <vehicle id="CarYellow01" x="-1.46" y="10.48" angle="178.39" type="CarYellow" speed="0.00" pos="1.26" lane=":nod01_1_0" slope="0.00"/>
    </timestep>
    <timestep time="35.00">
        <vehicle id="CarBlack01" x="108.21" y="51.60" angle="270.00" type="CarBlack" speed="0.00" pos="38.59" lane="ed0708_0" slope="0.00"/>
        <vehicle id="CarBlue01" x="107.20" y="51.60" angle="270.00" type="CarBlue" speed="0.00" pos="39.60" lane="ed0708_0" slope="0.00"/>
        <vehicle id="CarGray1" x="91.80" y="48.40" angle="90.00" type="CarGray" speed="0.00" pos="30.07" lane="ed0508_0" slope="0.00"/>
        <vehicle id="CarGreen01" x="98.40" y="84.56" angle="177.91" type="CarGreen" speed="8.33" pos="3.71" lane="ed0308_0" slope="0.00"/>
        <vehicle id="CarOrange01" x="88.63" y="98.36" angle="90.47" type="CarOrange" speed="3.68" pos="0.36" lane=":nod03_6_0" slope="0.00"/>
        <vehicle id="CarRed01" x="85.80" y="48.40" angle="90.00" type="CarRed" speed="0.00" pos="24.07" lane="ed0508_0" slope="0.00"/>
        <vehicle id="CarWhite01" x="-1.60" y="11.73" angle="180.00" type="CarWhite" speed="0.00" pos="76.55" lane="ed0401_0" slope="0.00"/>
        <vehicle id="CarYellow01" x="-1.46" y="10.48" angle="178.39" type="CarYellow" speed="0.00" pos="1.26" lane=":nod01_1_0" slope="0.00"/>
    </timestep>
    <timestep time="36.00">
        <vehicle id="CarBlack01" x="108.21" y="51.60" angle="270.00" type="CarBlack" speed="0.00" pos="38.59" lane="ed0708_0" slope="0.00"/>
        <vehicle id="CarBlue01" x="107.20" y="51.60" angle="270.00" type="CarBlue" speed="0.00" pos="39.60" lane="ed0708_0" slope="0.00"/>
        <vehicle id="CarGray1" x="91.80" y="48.40" angle="90.00" type="CarGray" speed="0.00" pos="30.07" lane="ed0508_0" slope="0.00"/>
        <vehicle id="CarGreen01" x="98.40" y="76.21" angle="180.00" type="CarGreen" speed="8.35" pos="12.06" lane="ed0308_0" slope="0.00"/>
        <vehicle id="CarOrange01" x="91.93" y="97.64" angle="98.92" type="CarOrange" speed="3.45" pos="3.81" lane=":nod03_6_0" slope="0.00"/>
        <vehicle id="CarRed01" x="85.80" y="48.40" angle="90.00" type="CarRed" speed="0.00" pos="24.07" lane="ed0508_0" slope="0.00"/>
        <vehicle id="CarWhite01" x="-1.60" y="11.73" angle="180.00" type="CarWhite" speed="0.00" pos="76.55" lane="ed0401_0" slope="0.00"/>
        <vehicle id="CarYellow01" x="-1.46" y="10.48" angle="178.39" type="CarYellow" speed="0.00" pos="1.26" lane=":nod01_1_0" slope="0.00"/>
    </timestep>
    <timestep time="37.00">
        <vehicle id="CarBlack01" x="108.21" y="51.60" angle="270.00" type="CarBlack" speed="0.00" pos="38.59" lane="ed0708_0" slope="0.00"/>
        <vehicle id="CarBlue01" x="107.20" y="51.60" angle="270.00" type="CarBlue" speed="0.00" pos="39.60" lane="ed0708_0" slope="0.00"/>
        <vehicle id="CarGray1" x="91.80" y="48.40" angle="90.00" type="CarGray" speed="0.00" pos="30.07" lane="ed0508_0" slope="0.00"/>
        <vehicle id="CarGreen01" x="98.40" y="66.84" angle="180.00" type="CarGreen" speed="9.38" pos="21.43" lane="ed0308_0" slope="0.00"/>
        <vehicle id="CarOrange01" x="92.31" y="95.00" angle="146.87" type="CarOrange" speed="3.16" pos="6.97" lane=":nod03_6_0" slope="0.00"/>
        <vehicle id="CarRed01" x="85.80" y="48.40" angle="90.00" type="CarRed" speed="0.00" pos="24.07" lane="ed0508_0" slope="0.00"/>
        <vehicle id="CarWhite01" x="-1.60" y="11.73" angle="180.00" type="CarWhite" speed="0.00" pos="76.55" lane="ed0401_0" slope="0.00"/>
        <vehicle id="CarYellow01" x="-1.46" y="10.48" angle="178.39" type="CarYellow" speed="0.00" pos="1.26" lane=":nod01_1_0" slope="0.00"/>
    </timestep>
    <timestep time="38.00">
        <vehicle id="CarBlack01" x="108.21" y="51.60" angle="270.00" type="CarBlack" speed="0.00" pos="38.59" lane="ed0708_0" slope="0.00"/>
        <vehicle id="CarBlue01" x="107.20" y="51.60" angle="270.00" type="CarBlue" speed="0.00" pos="39.60" lane="ed0708_0" slope="0.00"/>
        <vehicle id="CarGray1" x="91.80" y="48.40" angle="90.00" type="CarGray" speed="0.00" pos="30.07" lane="ed0508_0" slope="0.00"/>
        <vehicle id="CarGreen01" x="98.40" y="59.57" angle="180.00" type="CarGreen" speed="7.26" pos="28.70" lane="ed0308_0" slope="0.00"/>
        <vehicle id="CarOrange01" x="90.41" y="92.67" angle="209.08" type="CarOrange" speed="3.01" pos="0.24" lane="ed0305_0" slope="0.00"/>
        <vehicle id="CarRed01" x="85.80" y="48.40" angle="90.00" type="CarRed" speed="0.00" pos="24.07" lane="ed0508_0" slope="0.00"/>
        <vehicle id="CarWhite01" x="-1.60" y="11.73" angle="180.00" type="CarWhite" speed="0.00" pos="76.55" lane="ed0401_0" slope="0.00"/>
        <vehicle id="CarYellow01" x="-1.46" y="10.48" angle="178.39" type="CarYellow" speed="0.00" pos="1.26" lane=":nod01_1_0" slope="0.00"/>
    </timestep>
    <timestep time="39.00">
        <vehicle id="CarBlack01" x="108.21" y="51.60" angle="270.00" type="CarBlack" speed="0.00" pos="38.59" lane="ed0708_0" slope="0.00"/>
        <vehicle id="CarBlue01" x="107.20" y="51.60" angle="270.00" type="CarBlue" speed="0.00" pos="39.60" lane="ed0708_0" slope="0.00"/>
        <vehicle id="CarGray1" x="91.80" y="48.40" angle="90.00" type="CarGray" speed="0.00" pos="30.07" lane="ed0508_0" slope="0.00"/>
        <vehicle id="CarGreen01" x="98.40" y="49.88" angle="180.00" type="CarGreen" speed="9.69" pos="7.32" lane=":nod08_1_0" slope="0.00"/>
        <vehicle id="CarOrange01" x="80.67" y="82.93" angle="225.00" type="CarOrange" speed="13.78" pos="14.02" lane="ed0305_0" slope="0.00"/>
        <vehicle id="CarRed01" x="85.80" y="48.40" angle="90.00" type="CarRed" speed="0.00" pos="24.07" lane="ed0508_0" slope="0.00"/>
        <vehicle id="CarWhite01" x="-1.60" y="11.73" angle="180.00" type="CarWhite" speed="0.00" pos="76.55" lane="ed0401_0" slope="0.00"/>
        <vehicle id="CarYellow01" x="-1.46" y="10.48" angle="178.39" type="CarYellow" speed="0.00" pos="1.26" lane=":nod01_1_0" slope="0.00"/>
    </timestep>
    <timestep time="40.00">
        <vehicle id="CarBlack01" x="108.21" y="51.60" angle="270.00" type="CarBlack" speed="0.00" pos="38.59" lane="ed0708_0" slope="0.00"/>
        <vehicle id="CarBlue01" x="107.20" y="51.60" angle="270.00" type="CarBlue" speed="0.00" pos="39.60" lane="ed0708_0" slope="0.00"/>
        <vehicle id="CarGray1" x="91.80" y="48.40" angle="90.00" type="CarGray" speed="0.00" pos="30.07" lane="ed0508_0" slope="0.00"/>
        <vehicle id="CarGreen01" x="98.40" y="36.04" angle="180.00" type="CarGreen" speed="13.84" pos="6.76" lane="ed0802_0" slope="0.00"/>
        <vehicle id="CarOrange01" x="72.56" y="74.82" angle="225.00" type="CarOrange" speed="11.47" pos="25.48" lane="ed0305_0" slope="0.00"/>
        <vehicle id="CarRed01" x="85.80" y="48.40" angle="90.00" type="CarRed" speed="0.00" pos="24.07" lane="ed0508_0" slope="0.00"/>
        <vehicle id="CarWhite01" x="-1.60" y="11.73" angle="180.00" type="CarWhite" speed="0.00" pos="76.55" lane="ed0401_0" slope="0.00"/>
        <vehicle id="CarYellow01" x="-1.46" y="10.48" angle="178.39" type="CarYellow" speed="0.00" pos="1.26" lane=":nod01_1_0" slope="0.00"/>
    </timestep>
    <timestep time="41.00">
        <vehicle id="CarBlack01" x="108.21" y="51.60" angle="270.00" type="CarBlack" speed="0.00" pos="38.59" lane="ed0708_0" slope="0.00"/>
        <vehicle id="CarBlue01" x="107.20" y="51.60" angle="270.00" type="CarBlue" speed="0.00" pos="39.60" lane="ed0708_0" slope="0.00"/>
        <vehicle id="CarGray1" x="91.80" y="48.40" angle="90.00" type="CarGray" speed="0.00" pos="30.07" lane="ed0508_0" slope="0.00"/>
        <vehicle id="CarGreen01" x="98.40" y="25.91" angle="180.00" type="CarGreen" speed="10.14" pos="16.89" lane="ed0802_0" slope="0.00"/>
        <vehicle id="CarOrange01" x="62.95" y="65.21" angle="225.00" type="CarOrange" speed="13.59" pos="39.07" lane="ed0305_0" slope="0.00"/>
        <vehicle id="CarRed01" x="85.80" y="48.40" angle="90.00" type="CarRed" speed="0.00" pos="24.07" lane="ed0508_0" slope="0.00"/>
        <vehicle id="CarWhite01" x="-1.60" y="11.73" angle="180.00" type="CarWhite" speed="0.00" pos="76.55" lane="ed0401_0" slope="0.00"/>
        <vehicle id="CarYellow01" x="-1.46" y="10.48" angle="178.39" type="CarYellow" speed="0.00" pos="1.26" lane=":nod01_1_0" slope="0.00"/>
    </timestep>
    <timestep time="42.00">
        <vehicle id="CarBlack01" x="108.21" y="51.60" angle="270.00" type="CarBlack" speed="0.00" pos="38.59" lane="ed0708_0" slope="0.00"/>
        <vehicle id="CarBlue01" x="107.20" y="51.60" angle="270.00" type="CarBlue" speed="0.00" pos="39.60" lane="ed0708_0" slope="0.00"/>
        <vehicle id="CarGray1" x="91.80" y="48.40" angle="90.00" type="CarGray" speed="0.00" pos="30.07" lane="ed0508_0" slope="0.00"/>
        <vehicle id="CarGreen01" x="98.40" y="13.83" angle="180.00" type="CarGreen" speed="12.08" pos="28.97" lane="ed0802_0" slope="0.00"/>
        <vehicle id="CarOrange01" x="58.89" y="61.15" angle="225.00" type="CarOrange" speed="5.75" pos="44.82" lane="ed0305_0" slope="0.00"/>
        <vehicle id="CarRed01" x="85.80" y="48.40" angle="90.00" type="CarRed" speed="0.00" pos="24.07" lane="ed0508_0" slope="0.00"/>
        <vehicle id="CarWhite01" x="-1.60" y="11.73" angle="180.00" type="CarWhite" speed="0.00" pos="76.55" lane="ed0401_0" slope="0.00"/>
        <vehicle id="CarYellow01" x="-1.46" y="10.48" angle="178.39" type="CarYellow" speed="0.00" pos="1.26" lane=":nod01_1_0" slope="0.00"/>
    </timestep>
    <timestep time="43.00">
        <vehicle id="CarBlack01" x="108.21" y="51.60" angle="270.00" type="CarBlack" speed="0.00" pos="38.59" lane="ed0708_0" slope="0.00"/>
        <vehicle id="CarBlue01" x="107.20" y="51.60" angle="270.00" type="CarBlue" speed="0.00" pos="39.60" lane="ed0708_0" slope="0.00"/>
        <vehicle id="CarGray1" x="91.80" y="48.40" angle="90.00" type="CarGray" speed="0.00" pos="30.07" lane="ed0508_0" slope="0.00"/>
        <vehicle id="CarGreen01" x="98.40" y="7.57" angle="180.00" type="CarGreen" speed="6.26" pos="35.23" lane="ed0802_0" slope="0.00"/>
        <vehicle id="CarOrange01" x="54.31" y="55.86" angle="219.17" type="CarOrange" speed="7.00" pos="4.56" lane=":nod05_2_0" slope="0.00"/>
        <vehicle id="CarRed01" x="85.80" y="48.40" angle="90.00" type="CarRed" speed="0.00" pos="24.07" lane="ed0508_0" slope="0.00"/>
        <vehicle id="CarWhite01" x="-1.60" y="11.73" angle="180.00" type="CarWhite" speed="0.00" pos="76.55" lane="ed0401_0" slope="0.00"/>
        <vehicle id="CarYellow01" x="-1.46" y="10.48" angle="178.39" type="CarYellow" speed="0.00" pos="1.26" lane=":nod01_1_0" slope="0.00"/>
    </timestep>
    <timestep time="44.00">
        <vehicle id="CarBlack01" x="108.21" y="51.60" angle="270.00" type="CarBlack" speed="0.00" pos="38.59" lane="ed0708_0" slope="0.00"/>
        <vehicle id="CarBlue01" x="107.20" y="51.60" angle="270.00" type="CarBlue" speed="0.00" pos="39.60" lane="ed0708_0" slope="0.00"/>
        <vehicle id="CarGray1" x="91.80" y="48.40" angle="90.00" type="CarGray" speed="0.00" pos="30.07" lane="ed0508_0" slope="0.00"/>
        <vehicle id="CarGreen01" x="100.85" y="0.45" angle="154.31" type="CarGreen" speed="7.76" pos="7.38" lane=":nod02_1_0" slope="0.00"/>
        <vehicle id="CarOrange01" x="52.93" y="52.09" angle="203.35" type="CarOrange" speed="4.15" pos="1.00" lane=":nod05_16_0" slope="0.00"/>
        <vehicle id="CarRed01" x="85.80" y="48.40" angle="90.00" type="CarRed" speed="0.00" pos="24.07" lane="ed0508_0" slope="0.00"/>
        <vehicle id="CarWhite01" x="-1.60" y="11.73" angle="180.00" type="CarWhite" speed="0.00" pos="76.55" lane="ed0401_0" slope="0.00"/>
        <vehicle id="CarYellow01" x="-1.46" y="10.48" angle="178.39" type="CarYellow" speed="0.00" pos="1.26" lane=":nod01_1_0" slope="0.00"/>
    </timestep>
    <timestep time="45.00">
        <vehicle id="CarBlack01" x="108.21" y="51.60" angle="270.00" type="CarBlack" speed="0.00" pos="38.59" lane="ed0708_0" slope="0.00"/>
        <vehicle id="CarBlue01" x="107.20" y="51.60" angle="270.00" type="CarBlue" speed="0.00" pos="39.60" lane="ed0708_0" slope="0.00"/>
        <vehicle id="CarGray1" x="96.37" y="47.38" angle="102.06" type="CarGray" speed="4.78" pos="3.78" lane=":nod08_12_0" slope="0.00"/>
        <vehicle id="CarGreen01" x="106.68" y="-1.53" angle="105.56" type="CarGreen" speed="6.28" pos="13.67" lane=":nod02_1_0" slope="0.00"/>
        <vehicle id="CarOrange01" x="57.70" y="48.85" angle="113.78" type="CarOrange" speed="6.54" pos="7.54" lane=":nod05_16_0" slope="0.00"/>
        <vehicle id="CarRed01" x="85.80" y="48.40" angle="90.00" type="CarRed" speed="0.00" pos="24.07" lane="ed0508_0" slope="0.00"/>
        <vehicle id="CarWhite01" x="-1.60" y="11.73" angle="180.00" type="CarWhite" speed="0.00" pos="76.55" lane="ed0401_0" slope="0.00"/>
        <vehicle id="CarYellow01" x="-1.46" y="10.48" angle="178.39" type="CarYellow" speed="0.00" pos="1.26" lane=":nod01_1_0" slope="0.00"/>
    </timestep>
    <timestep time="46.00">
        <vehicle id="CarBlack01" x="108.21" y="51.60" angle="270.00" type="CarBlack" speed="0.00" pos="38.59" lane="ed0708_0" slope="0.00"/>
        <vehicle id="CarBlue01" x="107.20" y="51.60" angle="270.00" type="CarBlue" speed="0.00" pos="39.60" lane="ed0708_0" slope="0.00"/>
        <vehicle id="CarGray1" x="98.34" y="43.22" angle="153.50" type="CarGray" speed="4.83" pos="8.61" lane=":nod08_12_0" slope="0.00"/>
        <vehicle id="CarGreen01" x="110.71" y="-1.60" angle="92.41" type="CarGreen" speed="4.04" pos="3.51" lane="ed0206_0" slope="0.00"/>
        <vehicle id="CarOrange01" x="62.74" y="48.40" angle="95.12" type="CarOrange" speed="5.06" pos="1.01" lane="ed0508_0" slope="0.00"/>
        <vehicle id="CarRed01" x="90.04" y="48.40" angle="90.00" type="CarRed" speed="4.24" pos="28.31" lane="ed0508_0" slope="0.00"/>
        <vehicle id="CarWhite01" x="-1.60" y="11.73" angle="180.00" type="CarWhite" speed="0.00" pos="76.55" lane="ed0401_0" slope="0.00"/>
        <vehicle id="CarYellow01" x="-1.46" y="10.48" angle="178.39" type="CarYellow" speed="0.00" pos="1.26" lane=":nod01_1_0" slope="0.00"/>
    </timestep>
    <timestep time="47.00">
        <vehicle id="CarBlack01" x="108.21" y="51.60" angle="270.00" type="CarBlack" speed="0.00" pos="38.59" lane="ed0708_0" slope="0.00"/>
        <vehicle id="CarBlue01" x="107.20" y="51.60" angle="270.00" type="CarBlue" speed="0.00" pos="39.60" lane="ed0708_0" slope="0.00"/>
        <vehicle id="CarGray1" x="98.40" y="39.46" angle="177.30" type="CarGray" speed="3.76" pos="3.34" lane="ed0802_0" slope="0.00"/>
        <vehicle id="CarGreen01" x="123.59" y="-1.60" angle="90.00" type="CarGreen" speed="12.87" pos="16.39" lane="ed0206_0" slope="0.00"/>
        <vehicle id="CarOrange01" x="76.59" y="48.40" angle="90.00" type="CarOrange" speed="13.85" pos="14.86" lane="ed0508_0" slope="0.00"/>
        <vehicle id="CarRed01" x="93.74" y="48.27" angle="91.55" type="CarRed" speed="3.72" pos="0.95" lane=":nod08_12_0" slope="0.00"/>
        <vehicle id="CarWhite01" x="-1.60" y="11.73" angle="180.00" type="CarWhite" speed="0.00" pos="76.55" lane="ed0401_0" slope="0.00"/>
        <vehicle id="CarYellow01" x="-1.46" y="10.48" angle="178.39" type="CarYellow" speed="0.00" pos="1.26" lane=":nod01_1_0" slope="0.00"/>
    </timestep>
    <timestep time="48.00">
        <vehicle id="CarBlack01" x="108.21" y="51.60" angle="270.00" type="CarBlack" speed="0.00" pos="38.59" lane="ed0708_0" slope="0.00"/>
        <vehicle id="CarBlue01" x="107.20" y="51.60" angle="270.00" type="CarBlue" speed="0.00" pos="39.60" lane="ed0708_0" slope="0.00"/>
        <vehicle id="CarGray1" x="98.40" y="25.94" angle="180.00" type="CarGray" speed="13.53" pos="16.86" lane="ed0802_0" slope="0.00"/>
        <vehicle id="CarGreen01" x="137.20" y="-1.60" angle="90.00" type="CarGreen" speed="13.61" pos="30.00" lane="ed0206_0" slope="0.00"/>
        <vehicle id="CarOrange01" x="84.57" y="48.40" angle="90.00" type="CarOrange" speed="7.98" pos="22.84" lane="ed0508_0" slope="0.00"/>
        <vehicle id="CarRed01" x="97.76" y="45.74" angle="122.38" type="CarRed" speed="5.04" pos="5.99" lane=":nod08_12_0" slope="0.00"/>
        <vehicle id="CarWhite01" x="-1.60" y="11.73" angle="180.00" type="CarWhite" speed="0.00" pos="76.55" lane="ed0401_0" slope="0.00"/>
        <vehicle id="CarYellow01" x="-1.46" y="10.48" angle="178.39" type="CarYellow" speed="0.00" pos="1.26" lane=":nod01_1_0" slope="0.00"/>
    </timestep>
    <timestep time="49.00">
        <vehicle id="CarBlack01" x="108.21" y="51.60" angle="270.00" type="CarBlack" speed="0.00" pos="38.59" lane="ed0708_0" slope="0.00"/>
        <vehicle id="CarBlue01" x="107.20" y="51.60" angle="270.00" type="CarBlue" speed="0.00" pos="39.60" lane="ed0708_0" slope="0.00"/>
        <vehicle id="CarGray1" x="98.40" y="17.52" angle="180.00" type="CarGray" speed="8.42" pos="25.28" lane="ed0802_0" slope="0.00"/>
        <vehicle id="CarGreen01" x="144.26" y="-1.60" angle="90.00" type="CarGreen" speed="7.06" pos="37.06" lane="ed0206_0" slope="0.00"/>
        <vehicle id="CarOrange01" x="88.80" y="48.40" angle="90.00" type="CarOrange" speed="4.23" pos="27.07" lane="ed0508_0" slope="0.00"/>
        <vehicle id="CarRed01" x="98.40" y="40.01" angle="176.40" type="CarRed" speed="5.83" pos="2.79" lane="ed0802_0" slope="0.00"/>
        <vehicle id="CarWhite01" x="-1.60" y="11.73" angle="180.00" type="CarWhite" speed="0.00" pos="76.55" lane="ed0401_0" slope="0.00"/>
        <vehicle id="CarYellow01" x="-1.46" y="10.48" angle="178.39" type="CarYellow" speed="0.00" pos="1.26" lane=":nod01_1_0" slope="0.00"/>
    </timestep>
    <timestep time="50.00">
        <vehicle id="CarBlack01" x="108.21" y="51.60" angle="270.00" type="CarBlack" speed="0.00" pos="38.59" lane="ed0708_0" slope="0.00"/>
        <vehicle id="CarBlue01" x="107.20" y="51.60" angle="270.00" type="CarBlue" speed="0.00" pos="39.60" lane="ed0708_0" slope="0.00"/>
        <vehicle id="CarGray1" x="98.40" y="8.07" angle="180.00" type="CarGray" speed="9.45" pos="34.73" lane="ed0802_0" slope="0.00"/>
        <vehicle id="CarGreen01" x="148.67" y="-1.33" angle="86.93" type="CarGreen" speed="4.43" pos="1.89" lane=":nod06_2_0" slope="0.00"/>
        <vehicle id="CarOrange01" x="97.04" y="48.40" angle="90.00" type="CarOrange" speed="8.24" pos="4.24" lane=":nod08_13_0" slope="0.00"/>
        <vehicle id="CarRed01" x="98.40" y="29.08" angle="180.00" type="CarRed" speed="10.94" pos="13.72" lane="ed0802_0" slope="0.00"/>
    </timestep>
    <timestep time="51.00">
        <vehicle id="CarBlack01" x="108.21" y="51.60" angle="270.00" type="CarBlack" speed="0.00" pos="38.59" lane="ed0708_0" slope="0.00"/>
        <vehicle id="CarBlue01" x="107.20" y="51.60" angle="270.00" type="CarBlue" speed="0.00" pos="39.60" lane="ed0708_0" slope="0.00"/>
        <vehicle id="CarGray1" x="96.26" y="2.56" angle="206.00" type="CarGray" speed="6.24" pos="5.37" lane=":nod02_0_0" slope="0.00"/>
        <vehicle id="CarGreen01" x="151.06" y="0.70" angle="61.03" type="CarGreen" speed="3.26" pos="5.15" lane=":nod06_2_0" slope="0.00"/>
        <vehicle id="CarOrange01" x="110.10" y="48.40" angle="90.00" type="CarOrange" speed="13.06" pos="2.90" lane="ed0807_0" slope="0.00"/>
        <vehicle id="CarRed01" x="98.40" y="16.99" angle="180.00" type="CarRed" speed="12.09" pos="25.81" lane="ed0802_0" slope="0.00"/>
    </timestep>
    <timestep time="52.00">
        <vehicle id="CarBlack01" x="108.21" y="51.60" angle="270.00" type="CarBlack" speed="0.00" pos="38.59" lane="ed0708_0" slope="0.00"/>
        <vehicle id="CarBlue01" x="107.20" y="51.60" angle="270.00" type="CarBlue" speed="0.00" pos="39.60" lane="ed0708_0" slope="0.00"/>
        <vehicle id="CarGray1" x="90.16" y="1.60" angle="266.16" type="CarGray" speed="6.29" pos="2.64" lane="ed0201_0" slope="0.00"/>
        <vehicle id="CarGreen01" x="151.60" y="6.16" angle="3.32" type="CarGreen" speed="5.55" pos="2.96" lane="ed0607_0" slope="0.00"/>
        <vehicle id="CarOrange01" x="121.94" y="48.40" angle="90.00" type="CarOrange" speed="11.84" pos="14.74" lane="ed0807_0" slope="0.00"/>
        <vehicle id="CarRed01" x="98.40" y="10.27" angle="180.00" type="CarRed" speed="6.72" pos="32.53" lane="ed0802_0" slope="0.00"/>
    </timestep>
    <timestep time="53.00">
        <vehicle id="CarGray1" x="77.98" y="1.60" angle="270.00" type="CarGray" speed="12.18" pos="14.82" lane="ed0201_0" slope="0.00"/>
        <vehicle id="CarGreen01" x="151.60" y="18.73" angle="0.00" type="CarGreen" speed="12.57" pos="15.53" lane="ed0607_0" slope="0.00"/>
        <vehicle id="CarOrange01" x="133.85" y="48.40" angle="90.00" type="CarOrange" speed="11.92" pos="26.65" lane="ed0807_0" slope="0.00"/>
        <vehicle id="CarRed01" x="98.61" y="5.73" angle="177.58" type="CarRed" speed="4.56" pos="1.49" lane=":nod02_1_0" slope="0.00"/>
    </timestep>
    <timestep time="54.00">
        <vehicle id="CarGray1" x="70.58" y="1.60" angle="270.00" type="CarGray" speed="7.41" pos="22.22" lane="ed0201_0" slope="0.00"/>
        <vehicle id="CarGreen01" x="151.60" y="26.60" angle="0.00" type="CarGreen" speed="7.87" pos="23.40" lane="ed0607_0" slope="0.00"/>
        <vehicle id="CarOrange01" x="140.61" y="48.40" angle="90.00" type="CarOrange" speed="6.76" pos="33.41" lane="ed0807_0" slope="0.00"/>
        <vehicle id="CarRed01" x="101.32" y="0.17" angle="148.77" type="CarRed" speed="6.44" pos="7.93" lane=":nod02_1_0" slope="0.00"/>
    </timestep>
    <timestep time="55.00">
        <vehicle id="CarGray1" x="63.11" y="1.60" angle="270.00" type="CarGray" speed="7.47" pos="29.69" lane="ed0201_0" slope="0.00"/>
        <vehicle id="CarGreen01" x="151.60" y="38.17" angle="0.00" type="CarGreen" speed="11.57" pos="34.97" lane="ed0607_0" slope="0.00"/>
        <vehicle id="CarOrange01" x="144.59" y="48.40" angle="90.00" type="CarOrange" speed="3.98" pos="37.39" lane="ed0807_0" slope="0.00"/>
        <vehicle id="CarRed01" x="105.47" y="-1.35" angle="111.22" type="CarRed" speed="4.51" pos="12.44" lane=":nod02_1_0" slope="0.00"/>
    </timestep>
    <timestep time="56.00">
        <vehicle id="CarGray1" x="55.62" y="1.60" angle="270.00" type="CarGray" speed="7.49" pos="37.18" lane="ed0201_0" slope="0.00"/>
        <vehicle id="CarGreen01" x="151.60" y="44.99" angle="0.00" type="CarGreen" speed="6.82" pos="41.79" lane="ed0607_0" slope="0.00"/>
        <vehicle id="CarOrange01" x="147.18" y="48.35" angle="90.63" type="CarOrange" speed="2.60" pos="0.39" lane=":nod07_2_0" slope="0.00"/>
        <vehicle id="CarRed01" x="111.20" y="-1.60" angle="91.62" type="CarRed" speed="5.75" pos="4.00" lane="ed0206_0" slope="0.00"/>
    </timestep>
    <timestep time="57.00">
        <vehicle id="CarGray1" x="42.30" y="1.60" angle="270.00" type="CarGray" speed="13.32" pos="50.50" lane="ed0201_0" slope="0.00"/>
        <vehicle id="CarGreen01" x="151.41" y="48.13" angle="357.83" type="CarGreen" speed="3.15" pos="1.34" lane=":nod07_0_0" slope="0.00"/>
        <vehicle id="CarOrange01" x="148.40" y="45.47" angle="137.41" type="CarOrange" speed="3.52" pos="1.33" lane="ed0706_0" slope="0.00"/>
        <vehicle id="CarRed01" x="123.08" y="-1.60" angle="90.00" type="CarRed" speed="11.87" pos="15.88" lane="ed0206_0" slope="0.00"/>
    </timestep>
    <timestep time="58.00">
        <vehicle id="CarGray1" x="33.83" y="1.60" angle="270.00" type="CarGray" speed="8.47" pos="58.97" lane="ed0201_0" slope="0.00"/>
        <vehicle id="CarGreen01" x="149.92" y="50.69" angle="339.39" type="CarGreen" speed="3.09" pos="4.43" lane=":nod07_0_0" slope="0.00"/>
        <vehicle id="CarOrange01" x="148.40" y="33.20" angle="180.00" type="CarOrange" speed="12.27" pos="13.60" lane="ed0706_0" slope="0.00"/>
        <vehicle id="CarRed01" x="134.03" y="-1.60" angle="90.00" type="CarRed" speed="10.95" pos="26.83" lane="ed0206_0" slope="0.00"/>
    </timestep>
    <timestep time="59.00">
        <vehicle id="CarGray1" x="21.07" y="1.60" angle="270.00" type="CarGray" speed="12.76" pos="71.73" lane="ed0201_0" slope="0.00"/>
        <vehicle id="CarGreen01" x="145.82" y="51.60" angle="285.94" type="CarGreen" speed="4.29" pos="0.98" lane="ed0708_0" slope="0.00"/>
        <vehicle id="CarOrange01" x="148.40" y="21.45" angle="180.00" type="CarOrange" speed="11.75" pos="25.35" lane="ed0706_0" slope="0.00"/>
        <vehicle id="CarRed01" x="143.96" y="-1.60" angle="90.00" type="CarRed" speed="9.94" pos="36.76" lane="ed0206_0" slope="0.00"/>
    </timestep>
    <timestep time="60.00">
        <vehicle id="CarGray1" x="14.01" y="1.60" angle="270.00" type="CarGray" speed="7.06" pos="78.79" lane="ed0201_0" slope="0.00"/>
        <vehicle id="CarGreen01" x="136.06" y="51.60" angle="270.00" type="CarGreen" speed="9.76" pos="10.74" lane="ed0708_0" slope="0.00"/>
        <vehicle id="CarOrange01" x="148.40" y="13.17" angle="180.00" type="CarOrange" speed="8.28" pos="33.63" lane="ed0706_0" slope="0.00"/>
        <vehicle id="CarRed01" x="149.26" y="-1.08" angle="84.02" type="CarRed" speed="5.38" pos="2.54" lane=":nod06_2_0" slope="0.00"/>
    </timestep>
    <timestep time="61.00">
        <vehicle id="CarGray1" x="7.73" y="2.17" angle="276.54" type="CarGray" speed="6.31" pos="4.04" lane=":nod01_7_0" slope="0.00"/>
        <vehicle id="CarGreen01" x="128.17" y="51.60" angle="270.00" type="CarGreen" speed="7.88" pos="18.63" lane="ed0708_0" slope="0.00"/>
        <vehicle id="CarOrange01" x="148.40" y="5.19" angle="180.00" type="CarOrange" speed="7.98" pos="41.61" lane="ed0706_0" slope="0.00"/>
        <vehicle id="CarRed01" x="151.35" y="1.46" angle="50.83" type="CarRed" speed="3.44" pos="5.98" lane=":nod06_2_0" slope="0.00"/>
    </timestep>
    <timestep time="62.00">
        <vehicle id="CarGray1" x="2.30" y="7.19" angle="321.08" type="CarGray" speed="7.69" pos="11.73" lane=":nod01_7_0" slope="0.00"/>
        <vehicle id="CarGreen01" x="119.38" y="51.60" angle="270.00" type="CarGreen" speed="8.80" pos="27.42" lane="ed0708_0" slope="0.00"/>
        <vehicle id="CarOrange01" x="148.02" y="2.03" angle="184.42" type="CarOrange" speed="3.24" pos="1.25" lane=":nod06_0_0" slope="0.00"/>
        <vehicle id="CarRed01" x="151.60" y="5.97" angle="4.10" type="CarRed" speed="4.53" pos="2.77" lane="ed0607_0" slope="0.00"/>
    </timestep>
    <timestep time="63.00">
        <vehicle id="CarGray1" x="1.60" y="12.11" angle="351.88" type="CarGray" speed="4.98" pos="0.38" lane="ed0104_0" slope="0.00"/>
        <vehicle id="CarGreen01" x="105.65" y="51.60" angle="270.00" type="CarGreen" speed="13.73" pos="1.55" lane=":nod08_5_0" slope="0.00"/>
        <vehicle id="CarOrange01" x="145.23" y="1.60" angle="232.39" type="CarOrange" speed="2.90" pos="1.57" lane="ed0602_0" slope="0.00"/>
        <vehicle id="CarRed01" x="151.60" y="15.73" angle="0.00" type="CarRed" speed="9.76" pos="12.53" lane="ed0607_0" slope="0.00"/>
    </timestep>
    <timestep time="64.00">
        <vehicle id="CarGray1" x="1.60" y="24.11" angle="0.00" type="CarGray" speed="12.00" pos="12.38" lane="ed0104_0" slope="0.00"/>
        <vehicle id="CarGreen01" x="97.61" y="51.60" angle="270.00" type="CarGreen" speed="8.04" pos="9.59" lane=":nod08_5_0" slope="0.00"/>
        <vehicle id="CarOrange01" x="132.64" y="1.60" angle="270.00" type="CarOrange" speed="12.59" pos="14.16" lane="ed0602_0" slope="0.00"/>
        <vehicle id="CarRed01" x="151.60" y="26.46" angle="0.00" type="CarRed" speed="10.74" pos="23.26" lane="ed0607_0" slope="0.00"/>
    </timestep>
    <timestep time="65.00">
        <vehicle id="CarGray1" x="1.60" y="35.53" angle="0.00" type="CarGray" speed="11.43" pos="23.81" lane="ed0104_0" slope="0.00"/>
        <vehicle id="CarGreen01" x="88.17" y="51.60" angle="270.00" type="CarGreen" speed="9.45" pos="4.63" lane="ed0805_0" slope="0.00"/>
        <vehicle id="CarOrange01" x="123.55" y="1.60" angle="270.00" type="CarOrange" speed="9.09" pos="23.25" lane="ed0602_0" slope="0.00"/>
        <vehicle id="CarRed01" x="151.60" y="36.46" angle="0.00" type="CarRed" speed="9.99" pos="33.26" lane="ed0607_0" slope="0.00"/>
    </timestep>
    <timestep time="66.00">
        <vehicle id="CarGray1" x="1.60" y="45.41" angle="0.00" type="CarGray" speed="9.88" pos="33.69" lane="ed0104_0" slope="0.00"/>
        <vehicle id="CarGreen01" x="78.66" y="51.60" angle="270.00" type="CarGreen" speed="9.50" pos="14.14" lane="ed0805_0" slope="0.00"/>
        <vehicle id="CarOrange01" x="114.58" y="1.60" angle="270.00" type="CarOrange" speed="8.96" pos="32.22" lane="ed0602_0" slope="0.00"/>
        <vehicle id="CarRed01" x="151.60" y="46.09" angle="0.00" type="CarRed" speed="9.63" pos="42.89" lane="ed0607_0" slope="0.00"/>
    </timestep>
    <timestep time="67.00">
        <vehicle id="CarGray1" x="1.60" y="53.61" angle="0.00" type="CarGray" speed="8.20" pos="41.88" lane="ed0104_0" slope="0.00"/>
        <vehicle id="CarGreen01" x="65.27" y="51.60" angle="270.00" type="CarGreen" speed="13.39" pos="27.53" lane="ed0805_0" slope="0.00"/>
        <vehicle id="CarOrange01" x="106.78" y="1.60" angle="270.00" type="CarOrange" speed="7.80" pos="0.42" lane=":nod02_4_0" slope="0.00"/>
        <vehicle id="CarRed01" x="149.58" y="50.89" angle="334.63" type="CarRed" speed="5.54" pos="4.83" lane=":nod07_0_0" slope="0.00"/>
    </timestep>
    <timestep time="68.00">
        <vehicle id="CarGray1" x="1.60" y="66.61" angle="0.00" type="CarGray" speed="13.00" pos="54.88" lane="ed0104_0" slope="0.00"/>
        <vehicle id="CarGreen01" x="56.07" y="51.26" angle="266.53" type="CarGreen" speed="9.22" pos="5.67" lane=":nod05_6_0" slope="0.00"/>
        <vehicle id="CarOrange01" x="99.56" y="1.60" angle="270.00" type="CarOrange" speed="7.22" pos="7.64" lane=":nod02_4_0" slope="0.00"/>
        <vehicle id="CarRed01" x="146.41" y="51.60" angle="292.81" type="CarRed" speed="3.30" pos="0.39" lane="ed0708_0" slope="0.00"/>
    </timestep>
    <timestep time="69.00">
        <vehicle id="CarGray1" x="1.60" y="74.82" angle="0.00" type="CarGray" speed="8.21" pos="63.10" lane="ed0104_0" slope="0.00"/>
        <vehicle id="CarGreen01" x="49.03" y="49.35" angle="253.15" type="CarGreen" speed="7.32" pos="12.99" lane=":nod05_6_0" slope="0.00"/>
        <vehicle id="CarOrange01" x="90.55" y="1.60" angle="270.00" type="CarOrange" speed="9.01" pos="2.25" lane="ed0201_0" slope="0.00"/>
        <vehicle id="CarRed01" x="132.65" y="51.60" angle="270.00" type="CarRed" speed="13.76" pos="14.15" lane="ed0708_0" slope="0.00"/>
    </timestep>
    <timestep time="70.00">
        <vehicle id="CarGray1" x="1.60" y="84.11" angle="0.00" type="CarGray" speed="9.30" pos="72.39" lane="ed0104_0" slope="0.00"/>
        <vehicle id="CarGreen01" x="42.64" y="44.90" angle="230.28" type="CarGreen" speed="7.86" pos="1.61" lane="ed0501_0" slope="0.00"/>
        <vehicle id="CarOrange01" x="83.47" y="1.60" angle="270.00" type="CarOrange" speed="7.08" pos="9.33" lane="ed0201_0" slope="0.00"/>
        <vehicle id="CarRed01" x="124.43" y="51.60" angle="270.00" type="CarRed" speed="8.22" pos="22.37" lane="ed0708_0" slope="0.00"/>
    </timestep>
    <timestep time="71.00">
        <vehicle id="CarGray1" x="1.60" y="88.09" angle="0.00" type="CarGray" speed="3.97" pos="76.37" lane="ed0104_0" slope="0.00"/>
        <vehicle id="CarGreen01" x="32.97" y="35.23" angle="225.00" type="CarGreen" speed="13.68" pos="15.29" lane="ed0501_0" slope="0.00"/>
        <vehicle id="CarOrange01" x="75.90" y="1.60" angle="270.00" type="CarOrange" speed="7.58" pos="16.90" lane="ed0201_0" slope="0.00"/>
        <vehicle id="CarRed01" x="113.16" y="51.60" angle="270.00" type="CarRed" speed="11.27" pos="33.64" lane="ed0708_0" slope="0.00"/>
    </timestep>
    <timestep time="72.00">
        <vehicle id="CarGray1" x="2.11" y="91.58" angle="5.88" type="CarGray" speed="3.57" pos="3.39" lane=":nod04_6_0" slope="0.00"/>
        <vehicle id="CarGreen01" x="23.92" y="26.18" angle="225.00" type="CarGreen" speed="12.80" pos="28.09" lane="ed0501_0" slope="0.00"/>
        <vehicle id="CarOrange01" x="68.83" y="1.60" angle="270.00" type="CarOrange" speed="7.07" pos="23.97" lane="ed0201_0" slope="0.00"/>
        <vehicle id="CarRed01" x="100.69" y="51.60" angle="270.00" type="CarRed" speed="12.47" pos="6.51" lane=":nod08_5_0" slope="0.00"/>
    </timestep>
    <timestep time="73.00">
        <vehicle id="CarGray1" x="4.56" y="92.55" angle="44.60" type="CarGray" speed="3.07" pos="6.45" lane=":nod04_6_0" slope="0.00"/>
        <vehicle id="CarGreen01" x="17.36" y="19.62" angle="225.00" type="CarGreen" speed="9.28" pos="37.37" lane="ed0501_0" slope="0.00"/>
        <vehicle id="CarOrange01" x="60.68" y="1.60" angle="270.00" type="CarOrange" speed="8.15" pos="32.12" lane="ed0201_0" slope="0.00"/>
        <vehicle id="CarRed01" x="87.90" y="51.60" angle="270.00" type="CarRed" speed="12.78" pos="4.90" lane="ed0805_0" slope="0.00"/>
    </timestep>
    <timestep time="74.00">
        <vehicle id="CarGray1" x="7.45" y="90.29" angle="120.33" type="CarGray" speed="3.69" pos="0.41" lane="ed0405_0" slope="0.00"/>
        <vehicle id="CarGreen01" x="9.49" y="11.75" angle="225.00" type="CarGreen" speed="11.13" pos="48.49" lane="ed0501_0" slope="0.00"/>
        <vehicle id="CarOrange01" x="50.34" y="1.60" angle="270.00" type="CarOrange" speed="10.34" pos="42.46" lane="ed0201_0" slope="0.00"/>
        <vehicle id="CarRed01" x="80.21" y="51.60" angle="270.00" type="CarRed" speed="7.69" pos="12.59" lane="ed0805_0" slope="0.00"/>
    </timestep>
    <timestep time="75.00">
        <vehicle id="CarGray1" x="16.62" y="81.12" angle="135.00" type="CarGray" speed="12.97" pos="13.38" lane="ed0405_0" slope="0.00"/>
        <vehicle id="CarGreen01" x="4.64" y="6.27" angle="219.85" type="CarGreen" speed="7.33" pos="4.04" lane=":nod01_4_0" slope="0.00"/>
        <vehicle id="CarOrange01" x="36.67" y="1.60" angle="270.00" type="CarOrange" speed="13.66" pos="56.13" lane="ed0201_0" slope="0.00"/>
        <vehicle id="CarRed01" x="67.22" y="51.60" angle="270.00" type="CarRed" speed="12.99" pos="25.58" lane="ed0805_0" slope="0.00"/>
    </timestep>
    <timestep time="76.00">
        <vehicle id="CarGray1" x="21.57" y="76.17" angle="135.00" type="CarGray" speed="7.00" pos="20.38" lane="ed0405_0" slope="0.00"/>
        <vehicle id="CarGreen01" x="2.93" y="2.11" angle="203.52" type="CarGreen" speed="4.65" pos="8.68" lane=":nod01_4_0" slope="0.00"/>
        <vehicle id="CarOrange01" x="27.76" y="1.60" angle="270.00" type="CarOrange" speed="8.92" pos="65.04" lane="ed0201_0" slope="0.00"/>
        <vehicle id="CarRed01" x="63.87" y="51.60" angle="270.00" type="CarRed" speed="3.36" pos="28.93" lane="ed0805_0" slope="0.00"/>
    </timestep>
    <timestep time="77.00">
        <vehicle id="CarGray1" x="30.85" y="66.89" angle="135.00" type="CarGray" speed="13.13" pos="33.51" lane="ed0405_0" slope="0.00"/>
        <vehicle id="CarGreen01" x="7.17" y="-1.09" angle="117.02" type="CarGreen" speed="6.04" pos="14.72" lane=":nod01_4_0" slope="0.00"/>
        <vehicle id="CarOrange01" x="17.14" y="1.60" angle="270.00" type="CarOrange" speed="10.62" pos="75.66" lane="ed0201_0" slope="0.00"/>
        <vehicle id="CarRed01" x="54.62" y="52.29" angle="276.51" type="CarRed" speed="9.29" pos="7.16" lane=":nod05_5_0" slope="0.00"/>
    </timestep>
    <timestep time="78.00">
        <vehicle id="CarGray1" x="39.51" y="58.23" angle="135.00" type="CarGray" speed="12.24" pos="45.75" lane="ed0405_0" slope="0.00"/>
        <vehicle id="CarGreen01" x="14.04" y="-1.60" angle="93.45" type="CarGreen" speed="6.90" pos="2.31" lane="ed0102_0" slope="0.00"/>
        <vehicle id="CarOrange01" x="13.61" y="1.60" angle="270.00" type="CarOrange" speed="3.53" pos="79.19" lane="ed0201_0" slope="0.00"/>
        <vehicle id="CarRed01" x="46.08" y="56.19" angle="301.89" type="CarRed" speed="9.53" pos="16.69" lane=":nod05_5_0" slope="0.00"/>
    </timestep>
    <timestep time="79.00">
        <vehicle id="CarGray1" x="42.23" y="55.51" angle="135.00" type="CarGray" speed="3.85" pos="49.60" lane="ed0405_0" slope="0.00"/>
        <vehicle id="CarGreen01" x="22.59" y="-1.60" angle="90.00" type="CarGreen" speed="8.56" pos="10.86" lane="ed0102_0" slope="0.00"/>
        <vehicle id="CarOrange01" x="8.28" y="2.21" angle="277.09" type="CarOrange" speed="5.44" pos="3.56" lane=":nod01_6_0" slope="0.00"/>
        <vehicle id="CarRed01" x="38.72" y="63.54" angle="315.00" type="CarRed" speed="10.40" pos="10.35" lane="ed0504_0" slope="0.00"/>
    </timestep>
    <timestep time="80.00">
        <vehicle id="CarGray1" x="48.10" y="51.78" angle="116.98" type="CarGray" speed="7.14" pos="4.95" lane=":nod05_14_0" slope="0.00"/>
        <vehicle id="CarGreen01" x="35.49" y="-1.60" angle="90.00" type="CarGreen" speed="12.90" pos="23.76" lane="ed0102_0" slope="0.00"/>
        <vehicle id="CarOrange01" x="8.20" y="5.63" angle="348.43" type="CarOrange" speed="4.23" pos="7.79" lane=":nod01_6_0" slope="0.00"/>
        <vehicle id="CarRed01" x="31.87" y="70.39" angle="315.00" type="CarRed" speed="9.69" pos="20.04" lane="ed0504_0" slope="0.00"/>
    </timestep>
    <timestep time="81.00">
        <vehicle id="CarGray1" x="53.55" y="52.84" angle="77.01" type="CarGray" speed="5.71" pos="10.66" lane=":nod05_14_0" slope="0.00"/>
        <vehicle id="CarGreen01" x="47.51" y="-1.60" angle="90.00" type="CarGreen" speed="12.02" pos="35.78" lane="ed0102_0" slope="0.00"/>
        <vehicle id="CarOrange01" x="11.48" y="9.22" angle="42.33" type="CarOrange" speed="4.87" pos="2.91" lane="ed0105_0" slope="0.00"/>
        <vehicle id="CarRed01" x="25.65" y="76.61" angle="315.00" type="CarRed" speed="8.80" pos="28.83" lane="ed0504_0" slope="0.00"/>
    </timestep>
    <timestep time="82.00">
        <vehicle id="CarGray1" x="57.34" y="55.44" angle="56.37" type="CarGray" speed="4.63" pos="15.29" lane=":nod05_14_0" slope="0.00"/>
        <vehicle id="CarGreen01" x="60.70" y="-1.60" angle="90.00" type="CarGreen" speed="13.19" pos="48.97" lane="ed0102_0" slope="0.00"/>
        <vehicle id="CarOrange01" x="20.26" y="18.00" angle="45.00" type="CarOrange" speed="12.41" pos="15.33" lane="ed0105_0" slope="0.00"/>
        <vehicle id="CarRed01" x="16.55" y="85.71" angle="315.00" type="CarRed" speed="12.87" pos="41.70" lane="ed0504_0" slope="0.00"/>
    </timestep>
    <timestep time="83.00">
        <vehicle id="CarGray1" x="62.30" y="60.04" angle="46.01" type="CarGray" speed="6.77" pos="4.07" lane="ed0503_0" slope="0.00"/>
        <vehicle id="CarGreen01" x="69.73" y="-1.60" angle="90.00" type="CarGreen" speed="9.04" pos="58.00" lane="ed0102_0" slope="0.00"/>
        <vehicle id="CarOrange01" x="25.25" y="22.99" angle="45.00" type="CarOrange" speed="7.07" pos="22.39" lane="ed0105_0" slope="0.00"/>
    </timestep>
    <timestep time="84.00">
        <vehicle id="CarGray1" x="69.43" y="67.17" angle="45.00" type="CarGray" speed="10.09" pos="14.16" lane="ed0503_0" slope="0.00"/>
        <vehicle id="CarGreen01" x="81.98" y="-1.60" angle="90.00" type="CarGreen" speed="12.24" pos="70.25" lane="ed0102_0" slope="0.00"/>
        <vehicle id="CarOrange01" x="32.49" y="30.23" angle="45.00" type="CarOrange" speed="10.23" pos="32.63" lane="ed0105_0" slope="0.00"/>
    </timestep>
    <timestep time="85.00">
        <vehicle id="CarGray1" x="76.55" y="74.29" angle="45.00" type="CarGray" speed="10.06" pos="24.22" lane="ed0503_0" slope="0.00"/>
        <vehicle id="CarGreen01" x="90.66" y="-1.60" angle="90.00" type="CarGreen" speed="8.68" pos="78.93" lane="ed0102_0" slope="0.00"/>
        <vehicle id="CarOrange01" x="41.46" y="39.20" angle="45.00" type="CarOrange" speed="12.68" pos="45.31" lane="ed0105_0" slope="0.00"/>
    </timestep>
    <timestep time="86.00">
        <vehicle id="CarGray1" x="82.15" y="79.89" angle="45.00" type="CarGray" speed="7.92" pos="32.14" lane="ed0503_0" slope="0.00"/>
        <vehicle id="CarOrange01" x="45.17" y="42.91" angle="45.00" type="CarOrange" speed="5.25" pos="50.56" lane="ed0105_0" slope="0.00"/>
    </timestep>
    <timestep time="87.00">
        <vehicle id="CarGray1" x="89.90" y="87.64" angle="45.00" type="CarGray" speed="10.96" pos="43.10" lane="ed0503_0" slope="0.00"/>
        <vehicle id="CarOrange01" x="48.78" y="48.50" angle="29.35" type="CarOrange" speed="6.78" pos="5.55" lane=":nod05_10_0" slope="0.00"/>
    </timestep>
    <timestep time="88.00">
        <vehicle id="CarOrange01" x="47.23" y="54.63" angle="337.28" type="CarOrange" speed="6.66" pos="6.28" lane=":nod05_18_0" slope="0.00"/>
    </timestep>
    <timestep time="89.00">
        <vehicle id="CarOrange01" x="42.29" y="59.97" angle="315.00" type="CarOrange" speed="7.28" pos="5.30" lane="ed0504_0" slope="0.00"/>
    </timestep>
    <timestep time="90.00">
        <vehicle id="CarOrange01" x="34.75" y="67.51" angle="315.00" type="CarOrange" speed="10.67" pos="15.97" lane="ed0504_0" slope="0.00"/>
    </timestep>
    <timestep time="91.00">
        <vehicle id="CarOrange01" x="27.73" y="74.53" angle="315.00" type="CarOrange" speed="9.93" pos="25.90" lane="ed0504_0" slope="0.00"/>
    </timestep>
    <timestep time="92.00">
        <vehicle id="CarOrange01" x="20.99" y="81.27" angle="315.00" type="CarOrange" speed="9.53" pos="35.42" lane="ed0504_0" slope="0.00"/>
    </timestep>
    <timestep time="93.00">
        <vehicle id="CarOrange01" x="11.86" y="90.40" angle="315.00" type="CarOrange" speed="12.91" pos="48.34" lane="ed0504_0" slope="0.00"/>
    </timestep>
    <timestep time="94.00"/>
    <timestep time="95.00"/>
    <timestep time="96.00"/>
    <timestep time="97.00"/>
    <timestep time="98.00"/>
    <timestep time="99.00"/>
    <timestep time="100.00"/>
    <timestep time="101.00"/>
    <timestep time="102.00"/>
    <timestep time="103.00"/>
    <timestep time="104.00"/>
    <timestep time="105.00"/>
    <timestep time="106.00"/>
    <timestep time="107.00"/>
    <timestep time="108.00"/>
    <timestep time="109.00"/>
    <timestep time="110.00"/>
    <timestep time="111.00"/>
    <timestep time="112.00"/>
    <timestep time="113.00"/>
    <timestep time="114.00"/>
    <timestep time="115.00"/>
    <timestep time="116.00"/>
    <timestep time="117.00"/>
    <timestep time="118.00"/>
    <timestep time="119.00"/>
    <timestep time="120.00"/>
    <timestep time="121.00"/>
    <timestep time="122.00"/>
    <timestep time="123.00"/>
    <timestep time="124.00"/>
    <timestep time="125.00"/>
    <timestep time="126.00"/>
    <timestep time="127.00"/>
    <timestep time="128.00"/>
    <timestep time="129.00"/>
    <timestep time="130.00"/>
    <timestep time="131.00"/>
    <timestep time="132.00"/>
    <timestep time="133.00"/>
    <timestep time="134.00"/>
    <timestep time="135.00"/>
    <timestep time="136.00"/>
    <timestep time="137.00"/>
    <timestep time="138.00"/>
    <timestep time="139.00"/>
    <timestep time="140.00"/>
    <timestep time="141.00"/>
    <timestep time="142.00"/>
    <timestep time="143.00"/>
    <timestep time="144.00"/>
    <timestep time="145.00"/>
    <timestep time="146.00"/>
    <timestep time="147.00"/>
    <timestep time="148.00"/>
    <timestep time="149.00"/>
    <timestep time="150.00"/>
    <timestep time="151.00"/>
    <timestep time="152.00"/>
    <timestep time="153.00"/>
    <timestep time="154.00"/>
    <timestep time="155.00"/>
    <timestep time="156.00"/>
    <timestep time="157.00"/>
    <timestep time="158.00"/>
    <timestep time="159.00"/>
    <timestep time="160.00"/>
    <timestep time="161.00"/>
    <timestep time="162.00"/>
    <timestep time="163.00"/>
    <timestep time="164.00"/>
    <timestep time="165.00"/>
    <timestep time="166.00"/>
    <timestep time="167.00"/>
    <timestep time="168.00"/>
    <timestep time="169.00"/>
    <timestep time="170.00"/>
    <timestep time="171.00"/>
    <timestep time="172.00"/>
    <timestep time="173.00"/>
    <timestep time="174.00"/>
    <timestep time="175.00"/>
    <timestep time="176.00"/>
    <timestep time="177.00"/>
    <timestep time="178.00"/>
    <timestep time="179.00"/>
    <timestep time="180.00"/>
    <timestep time="181.00"/>
    <timestep time="182.00"/>
    <timestep time="183.00"/>
    <timestep time="184.00"/>
    <timestep time="185.00"/>
    <timestep time="186.00"/>
    <timestep time="187.00"/>
    <timestep time="188.00"/>
    <timestep time="189.00"/>
    <timestep time="190.00"/>
    <timestep time="191.00"/>
    <timestep time="192.00"/>
    <timestep time="193.00"/>
    <timestep time="194.00"/>
    <timestep time="195.00"/>
    <timestep time="196.00"/>
    <timestep time="197.00"/>
    <timestep time="198.00"/>
    <timestep time="199.00"/>
</fcd-export>
